tp,I1NLM4845_0010148.jpg
tp,I1NLM1576_0010376.jpg
tp,I1NLM5468_0010200.jpg
tp,I1NLM5728_0010140.jpg
tp,I1NLM2418_0010161.jpg
tp,I1NLM2195_0010255.jpg
tp,I1NLM5517_0010177.jpg
tp,I1NLM3506_0010185.jpg
tp,I1NLM4511_0010055.jpg
tp,I1NLM4052_0010159.jpg
tp,I1NLM212_0010194.jpg
tp,I1NLM5715_0010101.jpg
tp,I1NLM3433_0010063.jpg
tp,I1NLM3522_0010085.jpg
tp,I1NLM418_0010184.jpg
tp,I1NLM4138_0010230.jpg
tp,I1NLM4983_0010119.jpg
tp,I1NLM3870_0010045.jpg
tp,I1NLM4775_0010334.jpg
tp,I1NLM2369_0010169.jpg
tp,I1NLM5117_0010217.jpg
tp,I1NLM2307_0010109.jpg
tp,I1NLM1173_0010319.jpg
tp,I1NLM25_0010031.jpg
tp,I1NLM1432_0010201.jpg
tp,I1NLM1871_0010119.jpg
tp,I1NLM3076_0010131.jpg
tp,I1NLM4621_0010266.jpg
tp,I1NLM659_0010216.jpg
tp,I1NLM5524_0010249.jpg
tp,I1NLM5070_0010271.jpg
tp,I1NLM413_0010441.jpg
tp,I1NLM4678_0010105.jpg
tp,I1NLM2416_0010031.jpg
tp,I1NLM4399_0010281.jpg
tp,I1NLM4963_0010084.jpg
tp,I1NLM2282_0010203.jpg
tp,I1NLM4334_0010195.jpg
tp,I1NLM4749_0010079.jpg
tp,I1NLM3633_0010103.jpg
tp,I1NLM1902_0010027.jpg
tp,I1NLM2513_0010043.jpg
tp,I1NLM2298_0010101.jpg
tp,I1NLM2638_0010087.jpg
tp,I1NLM5333_0010111.jpg
tp,I1NLM618_0010210.jpg
tp,I1NLM3467_0010031.jpg
tp,I1NLM5221_0010281.jpg
tp,I1NLM4621_0010296.jpg
tp,I1NLM4310_0010161.jpg
tp,I1NLM4313_0010069.jpg
tp,I1NLM3466_0010162.jpg
tp,I1NLM4058_0010039.jpg
tp,I1NLM3596_0010181.jpg
tp,I1NLM5761_0010145.jpg
tp,I1NLM3776_0010213.jpg
tp,I1NLM4215_0010219.jpg
tp,I1NLM5747_0010514.jpg
tp,I1NLM2053_0010110.jpg
tp,I1NLM3770_0010133.jpg
tp,I1NLM483_0010396.jpg
tp,I1NLM1736_0010161.jpg
tp,I1NLM2818_0010117.jpg
tp,I1NLM607_0010100.jpg
tp,I1NLM4694_0010259.jpg
tp,I1NLM1584_0010185.jpg
tp,I1NLM1965_0010176.jpg
tp,I1NLM3821_0010183.jpg
tp,I1NLM2689_0010085.jpg
tp,I1NLM2082_0010259.jpg
tp,I1NLM5341_0010091.jpg
tp,I1NLM1582_0010256.jpg
tp,I1NLM109_0010063.jpg
tp,I1NLM2183_0010225.jpg
tp,I1NLM5144_0010082.jpg
tp,I1NLM2204_0010217.jpg
tp,I1NLM3934_0010061.jpg
tp,I1NLM1700_0010157.jpg
tp,I1NLM3744_0010235.jpg
tp,I1NLM5317_0010149.jpg
tp,I1NLM5735_0010089.jpg
tp,I1NLM5613_0010203.jpg
tp,I1NLM1317_0010313.jpg
tp,I1NLM2236_0010200.jpg
tp,I1NLM2356_0010071.jpg
tp,I1NLM3633_0010039.jpg
tp,I1NLM5512_0010075.jpg
tp,I1NLM3478_0010072.jpg
tp,I1NLM2981_0010181.jpg
tp,I1NLM5190_0010057.jpg
tp,I1NLM5237_0010139.jpg
tp,I1NLM389_0010312.jpg
tp,I1NLM4280_0010161.jpg
tp,I1NLM1659_0010111.jpg
tp,I1NLM5052_0010331.jpg
tp,I1NLM4256_0010259.jpg
tp,I1NLM2938_0010039.jpg
tp,I1NLM2387_0010156.jpg
tp,I1NLM4220_0010119.jpg
tp,I1NLM944_0010073.jpg
tp,I1NLM5715_0010137.jpg
tp,I1NLM727_0010194.jpg
tp,I1NLM1250_0010457.jpg
tp,I1NLM5088_0010308.jpg
tp,I1NLM4448_0010213.jpg
tp,I1NLM1833_0010044.jpg
tp,I1NLM3090_0010181.jpg
tp,I1NLM5659_0010163.jpg
tp,I1NLM5150_0010274.jpg
tp,I1NLM202_0010171.jpg
tp,I1NLM2450_0010155.jpg
tp,I1NLM4502_0010239.jpg
tp,I1NLM4152_0010232.jpg
tp,I1NLM1663_0010254.jpg
tp,I1NLM622_0010051.jpg
tp,I1NLM5190_0010101.jpg
tp,I1NLM5239_0010338.jpg
tp,I1NLM649_0010226.jpg
tp,I1NLM5015_0010109.jpg
tp,I1NLM5428_0010153.jpg
tp,I1NLM4184_0010053.jpg
tp,I1NLM634_0010249.jpg
tp,I1NLM3228_0010063.jpg
tp,I1NLM1848_0010209.jpg
tp,I1NLM2498_0010213.jpg
tp,I1NLM190_0010079.jpg
tp,I1NLM5457_0010145.jpg
tp,I1NLM3540_0010282.jpg
tp,I1NLM369_0010013.jpg
tp,I1NLM1731_0010215.jpg
tp,I1NLM5661_0010215.jpg
tp,I1NLM2290_0010217.jpg
tp,I1NLM2420_0010185.jpg
tp,I1NLM4744_0010193.jpg
tp,I1NLM4663_0010307.jpg
tp,I1NLM3538_0010187.jpg
tp,I1NLM308_0010122.jpg
tp,I1NLM4382_0010115.jpg
tp,I1NLM577_0010047.jpg
tp,I1NLM4390_0010199.jpg
tp,I1NLM3899_0010211.jpg
tp,I1NLM5170_0010245.jpg
tp,I1NLM4422_0010117.jpg
tp,I1NLM2828_0010105.jpg
tp,I1NLM2410_0010137.jpg
tp,I1NLM3965_0010080.jpg
tp,I1NLM5033_0010225.jpg
tp,I1NLM3664_0010065.jpg
tp,I1NLM1158_0010349.jpg
tp,I1NLM2849_0010315.jpg
tp,I1NLM3066_0010079.jpg
tp,I1NLM5727_0010243.jpg
tp,I1NLM4120_0010274.jpg
tp,I1NLM4228_0010109.jpg
tp,I1NLM4522_0010127.jpg
tp,I1NLM1211_0010170.jpg
tp,I1NLM4348_0010069.jpg
tp,I1NLM4342_0010251.jpg
tp,I1NLM4397_0010157.jpg
tp,I1NLM4924_0010290.jpg
tp,I1NLM1909_0010137.jpg
tp,I1NLM1437_0010121.jpg
tp,I1NLM5091_0010151.jpg
tp,I1NLM2441_0010107.jpg
tp,I1NLM5455_0010061.jpg
tp,I1NLM5259_0010199.jpg
tp,I1NLM3595_0010109.jpg
tp,I1NLM4027_0010012.jpg
tp,I1NLM5613_0010187.jpg
tp,I1NLM566_0010111.jpg
tp,I1NLM4383_0010322.jpg
tp,I1NLM2057_0010085.jpg
tp,I1NLM1695_0010119.jpg
tp,I1NLM4230_0010248.jpg
tp,I1NLM4527_0010031.jpg
tp,I1NLM4158_0010103.jpg
tp,I1NLM4373_0010039.jpg
tp,I1NLM2719_0010237.jpg
tp,I1NLM3000_0010125.jpg
tp,I1NLM4697_0010169.jpg
tp,I1NLM5244_0010105.jpg
tp,I1NLM1781_0010038.jpg
tp,I1NLM6_0010502.jpg
tp,I1NLM5229_0010259.jpg
tp,I1NLM2825_0010299.jpg
tp,I1NLM4459_0010191.jpg
tp,I1NLM1882_0010190.jpg
tp,I1NLM397_0010011.jpg
tp,I1NLM5049_0010433.jpg
tp,I1NLM2395_0010111.jpg
tp,I1NLM4346_0010199.jpg
tp,I1NLM1619_0010234.jpg
tp,I1NLM4503_0010308.jpg
tp,I1NLM4568_0010157.jpg
tp,I1NLM5695_0010237.jpg
tp,I1NLM5557_0010233.jpg
tp,I1NLM1599_0010277.jpg
tp,I1NLM2801_0010330.jpg
tp,I1NLM1554_0010079.jpg
tp,I1NLM3276_0010218.jpg
tp,I1NLM4955_0010160.jpg
tp,I1NLM2871_0010267.jpg
tp,I1NLM2120_0010102.jpg
tp,I1NLM928_0010085.jpg
tp,I1NLM2770_0010750.jpg
tp,I1NLM634_0010052.jpg
tp,I1NLM2197_0010257.jpg
tp,I1NLM3992_0010159.jpg
tp,I1NLM1476_0010099.jpg
tp,I1NLM4111_0010123.jpg
tp,I1NLM5028_0010119.jpg
tp,I1NLM4988_0010253.jpg
tp,I1NLM2275_0010212.jpg
tp,I1NLM3720_0010161.jpg
tp,I1NLM4706_0010044.jpg
tp,I1NLM4936_0010127.jpg
tp,I1NLM628_0010082.jpg
tp,I1NLM1915_0010083.jpg
tp,I1NLM1686_0010080.jpg
tp,I1NLM399_0010314.jpg
tp,I1NLM2228_0010138.jpg
tp,I1NLM4527_0010138.jpg
tp,I1NLM4529_0010051.jpg
tp,I1NLM4768_0010056.jpg
tp,I1NLM5704_0010223.jpg
tp,I1NLM2536_0010113.jpg
tp,I1NLM1761_0010226.jpg
tp,I1NLM4673_0010482.jpg
tp,I1NLM4258_0010239.jpg
tp,I1NLM2767_0010133.jpg
tp,I1NLM4984_0010343.jpg
tp,I1NLM191_0010267.jpg
tp,I1NLM4787_0010035.jpg
tp,I1NLM2914_0010224.jpg
tp,I1NLM4107_0010269.jpg
tp,I1NLM1315_0010243.jpg
tp,I1NLM483_0010055.jpg
tp,I1NLM5649_0010231.jpg
tp,I1NLM5484_0010133.jpg
tp,I1NLM1123_0010103.jpg
tp,I1NLM5465_0010105.jpg
tp,I1NLM4894_0010217.jpg
tp,I1NLM2357_0010093.jpg
tp,I1NLM145_0010144.jpg
tp,I1NLM4797_0010163.jpg
tp,I1NLM4184_0010197.jpg
tp,I1NLM1738_0010093.jpg
tp,I1NLM3566_0010224.jpg
tp,I1NLM2935_0010033.jpg
tp,I1NLM2555_0010089.jpg
tp,I1NLM256_0010381.jpg
tp,I1NLM3586_0010177.jpg
tp,I1NLM3720_0010148.jpg
tp,I1NLM2158_0010033.jpg
tp,I1NLM4033_0010273.jpg
tp,I1NLM1217_0010047.jpg
tp,I1NLM2618_0010007.jpg
tp,I1NLM4259_0010413.jpg
tp,I1NLM4484_0010043.jpg
tp,I1NLM4754_0010312.jpg
tp,I1NLM2825_0010237.jpg
tp,I1NLM690_0010108.jpg
tp,I1NLM3616_0010175.jpg
tp,I1NLM3939_0010153.jpg
tp,I1NLM1898_0010167.jpg
tp,I1NLM3787_0010191.jpg
tp,I1NLM3566_0010190.jpg
tp,I1NLM2473_0010207.jpg
tp,I1NLM4471_0010113.jpg
tp,I1NLM1159_0010402.jpg
tp,I1NLM1188_0010203.jpg
tp,I1NLM4048_0010161.jpg
tp,I1NLM4548_0010212.jpg
tp,I1NLM726_0010059.jpg
tp,I1NLM1320_0010826.jpg
tp,I1NLM2578_0010054.jpg
tp,I1NLM2103_0010179.jpg
tp,I1NLM4889_0010219.jpg
tp,I1NLM2626_0010016.jpg
tp,I1NLM4740_0010061.jpg
tp,I1NLM2371_0010141.jpg
tp,I1NLM4651_0010235.jpg
tp,I1NLM5088_0010102.jpg
tp,I1NLM2470_0010310.jpg
tp,I1NLM5467_0010165.jpg
tp,I1NLM2115_0010219.jpg
tp,I1NLM665_0010215.jpg
tp,I1NLM4146_0010035.jpg
tp,I1NLM3797_0010111.jpg
tp,I1NLM3143_0010045.jpg
tp,I1NLM2417_0010165.jpg
tp,I1NLM1674_0010157.jpg
tp,I1NLM2132_0010238.jpg
tp,I1NLM1625_0010063.jpg
tp,I1NLM5157_0010091.jpg
tp,I1NLM5034_0010080.jpg
tp,I1NLM2213_0010125.jpg
tp,I1NLM5131_0010307.jpg
tp,I1NLM114_0010329.jpg
tp,I1NLM1582_0010391.jpg
tp,I1NLM4033_0010208.jpg
tp,I1NLM1173_0010007.jpg
tp,I1NLM1849_0010157.jpg
tp,I1NLM3334_0010127.jpg
tp,I1NLM751_0010063.jpg
tp,I1NLM3502_0010056.jpg
tp,I1NLM4348_0010053.jpg
tp,I1NLM1161_0010447.jpg
tp,I1NLM1784_0010045.jpg
tp,I1NLM4280_0010175.jpg
tp,I1NLM4711_0010039.jpg
tp,I1NLM99_0010135.jpg
tp,I1NLM5167_0010207.jpg
tp,I1NLM4906_0010309.jpg
tp,I1NLM5613_0010195.jpg
tp,I1NLM706_0010169.jpg
tp,I1NLM2058_0010068.jpg
tp,I1NLM4804_0010221.jpg
tp,I1NLM4703_0010311.jpg
tp,I1NLM4530_0010266.jpg
tp,I1NLM1333_0010492.jpg
tp,I1NLM4480_0010147.jpg
tp,I1NLM5728_0010148.jpg
tp,I1NLM2989_0010141.jpg
tp,I1NLM4515_0010274.jpg
tp,I1NLM602_0010180.jpg
tp,I1NLM5246_0010166.jpg
tp,I1NLM369_0010052.jpg
tp,I1NLM2714_0010127.jpg
tp,I1NLM1707_0010143.jpg
tp,I1NLM3835_0010165.jpg
tp,I1NLM4843_0010101.jpg
tp,I1NLM3980_0010255.jpg
tp,I1NLM1750_0010029.jpg
tp,I1NLM4459_0010296.jpg
tp,I1NLM1619_0010065.jpg
tp,I1NLM4276_0010105.jpg
tp,I1NLM3462_0010255.jpg
tp,I1NLM2662_0010141.jpg
tp,I1NLM4722_0010149.jpg
tp,I1NLM3819_0010071.jpg
tp,I1NLM5741_0010152.jpg
tp,I1NLM1009_0010117.jpg
tp,I1NLM5109_0010127.jpg
tp,I1NLM554_0010013.jpg
tp,I1NLM3747_0010201.jpg
tp,I1NLM3491_0010215.jpg
tp,I1NLM2233_0010047.jpg
tp,I1NLM2410_0010213.jpg
tp,I1NLM3962_0010095.jpg
tp,I1NLM15_0010210.jpg
tp,I1NLM4469_0010099.jpg
tp,I1NLM3297_0010086.jpg
tp,I1NLM5166_0010233.jpg
tp,I1NLM5156_0010052.jpg
tp,I1NLM2777_0010035.jpg
tp,I1NLM5362_0010173.jpg
tp,I1NLM4966_0010135.jpg
tp,I1NLM5749_0010189.jpg
tp,I1NLM3437_0010102.jpg
tp,I1NLM4501_0010041.jpg
tp,I1NLM1448_0010131.jpg
tp,I1NLM4357_0010167.jpg
tp,I1NLM2551_0010245.jpg
tp,I1NLM5611_0010211.jpg
tp,I1NLM5126_0010149.jpg
tp,I1NLM5397_0010087.jpg
tp,I1NLM5605_0010290.jpg
tp,I1NLM2845_0010043.jpg
tp,I1NLM4131_0010246.jpg
tp,I1NLM186_0010208.jpg
tp,I1NLM522_0010079.jpg
tp,I1NLM3988_0010131.jpg
tp,I1NLM2987_0010040.jpg
tp,I1NLM1746_0010057.jpg
tp,I1NLM2100_0010091.jpg
tp,I1NLM467_0010309.jpg
tp,I1NLM5437_0010269.jpg
tp,I1NLM2870_0010187.jpg
tp,I1NLM5671_0010163.jpg
tp,I1NLM2475_0010075.jpg
tp,I1NLM5133_0010279.jpg
tp,I1NLM2246_0010161.jpg
tp,I1NLM4132_0010079.jpg
tp,I1NLM4128_0010107.jpg
tp,I1NLM4128_0010246.jpg
tp,I1NLM5099_0010240.jpg
tp,I1NLM5498_0010363.jpg
tp,I1NLM1892_0010055.jpg
tp,I1NLM4229_0010225.jpg
tp,I1NLM262_0010159.jpg
tp,I1NLM2599_0010153.jpg
tp,I1NLM616_0010101.jpg
tp,I1NLM5509_0010243.jpg
tp,I1NLM5355_0010087.jpg
tp,I1NLM33_0010137.jpg
tp,I1NLM4749_0010091.jpg
tp,I1NLM2949_0010288.jpg
tp,I1NLM389_0010363.jpg
tp,I1NLM2782_0010183.jpg
tp,I1NLM2488_0010196.jpg
tp,I1NLM3980_0010240.jpg
tp,I1NLM2955_0010156.jpg
tp,I1NLM2845_0010025.jpg
tp,I1NLM4617_0010093.jpg
tp,I1NLM5114_0010181.jpg
tp,I1NLM4079_0010259.jpg
tp,I1NLM5126_0010177.jpg
tp,I1NLM1829_0010116.jpg
tp,I1NLM3516_0010045.jpg
tp,I1NLM4715_0010316.jpg
tp,I1NLM5391_0010091.jpg
tp,I1NLM2677_0010229.jpg
tp,I1NLM3976_0010272.jpg
tp,I1NLM2416_0010361.jpg
tp,I1NLM5309_0010031.jpg
tp,I1NLM4547_0010099.jpg
tp,I1NLM4626_0010187.jpg
tp,I1NLM4342_0010338.jpg
tp,I1NLM5570_0010107.jpg
tp,I1NLM1849_0010183.jpg
tp,I1NLM2337_0010043.jpg
tp,I1NLM1198_0010124.jpg
tp,I1NLM2447_0010059.jpg
tp,I1NLM4756_0010244.jpg
tp,I1NLM5446_0010228.jpg
tp,I1NLM1351_0010185.jpg
tp,I1NLM4377_0010233.jpg
tp,I1NLM5367_0010153.jpg
tp,I1NLM4634_0010187.jpg
tp,I1NLM2064_0010085.jpg
tp,I1NLM1340_0010331.jpg
tp,I1NLM5551_0010313.jpg
tp,I1NLM2840_0010089.jpg
tp,I1NLM5642_0010149.jpg
tp,I1NLM148_0010269.jpg
tp,I1NLM1060_0010030.jpg
tp,I1NLM5056_0010332.jpg
tp,I1NLM2475_0010210.jpg
tp,I1NLM4574_0010095.jpg
tp,I1NLM1672_0010237.jpg
tp,I1NLM5274_0010053.jpg
tp,I1NLM5377_0010236.jpg
tp,I1NLM2261_0010107.jpg
tp,I1NLM4893_0010135.jpg
tp,I1NLM3782_0010077.jpg
tp,I1NLM1011_0010077.jpg
tp,I1NLM365_0010347.jpg
tp,I1NLM1433_0010161.jpg
tp,I1NLM260_0010093.jpg
tp,I1NLM5607_0010205.jpg
tp,I1NLM2757_0010271.jpg
tp,I1NLM425_0010188.jpg
tp,I1NLM849_0010080.jpg
tp,I1NLM4644_0010281.jpg
tp,I1NLM5082_0010083.jpg
tp,I1NLM4630_0010322.jpg
tp,I1NLM56_0010259.jpg
tp,I1NLM4658_0010128.jpg
tp,I1NLM1967_0010148.jpg
tp,I1NLM5807_0010211.jpg
tp,I1NLM2334_0010053.jpg
tp,I1NLM1360_0010401.jpg
tp,I1NLM3850_0010071.jpg
tp,I1NLM1556_0010118.jpg
tp,I1NLM1823_0010064.jpg
tp,I1NLM5299_0010267.jpg
tp,I1NLM4240_0010234.jpg
tp,I1NLM4043_0010075.jpg
tp,I1NLM3853_0010171.jpg
tp,I1NLM2578_0010107.jpg
tp,I1NLM4936_0010157.jpg
tp,I1NLM5035_0010116.jpg
tp,I1NLM1556_0010061.jpg
tp,I1NLM4617_0010119.jpg
tp,I1NLM3939_0010264.jpg
tp,I1NLM5145_0010193.jpg
tp,I1NLM2064_0010175.jpg
tp,I1NLM566_0010127.jpg
tp,I1NLM1393_0010215.jpg
tp,I1NLM4513_0010266.jpg
tp,I1NLM3879_0010042.jpg
tp,I1NLM5703_0010070.jpg
tp,I1NLM2040_0010137.jpg
tp,I1NLM3996_0010313.jpg
tp,I1NLM2616_0010107.jpg
tp,I1NLM1972_0010157.jpg
tp,I1NLM4100_0010253.jpg
tp,I1NLM2462_0010097.jpg
tp,I1NLM5_0010237.jpg
tp,I1NLM25_0010159.jpg
tp,I1NLM1296_0010271.jpg
tp,I1NLM263_0010047.jpg
tp,I1NLM598_0010019.jpg
tp,I1NLM5101_0010135.jpg
tp,I1NLM1474_0010235.jpg
tp,I1NLM2183_0010069.jpg
tp,I1NLM4543_0010246.jpg
tp,I1NLM4266_0010067.jpg
tp,I1NLM2138_0010239.jpg
tp,I1NLM4847_0010287.jpg
tp,I1NLM4536_0010299.jpg
tp,I1NLM1812_0010240.jpg
tp,I1NLM2183_0010187.jpg
tp,I1NLM2158_0010091.jpg
tp,I1NLM1571_0010167.jpg
tp,I1NLM1596_0010317.jpg
tp,I1NLM4565_0010283.jpg
tp,I1NLM4966_0010099.jpg
tp,I1NLM2224_0010008.jpg
tp,I1NLM5236_0010109.jpg
tp,I1NLM1628_0010111.jpg
tp,I1NLM134_0010116.jpg
tp,I1NLM38_0010093.jpg
tp,I1NLM2606_0010095.jpg
tp,I1NLM2263_0010045.jpg
tp,I1NLM3953_0010044.jpg
tp,I1NLM322_0010152.jpg
tp,I1NLM4264_0010165.jpg
tp,I1NLM2524_0010070.jpg
tp,I1NLM3799_0010221.jpg
tp,I1NLM3918_0010063.jpg
tp,I1NLM606_0010093.jpg
tp,I1NLM4196_0010281.jpg
tp,I1NLM3990_0010087.jpg
tp,I1NLM2636_0010139.jpg
tp,I1NLM3001_0010159.jpg
tp,I1NLM1709_0010204.jpg
tp,I1NLM3046_0010176.jpg
tp,I1NLM239_0010231.jpg
tp,I1NLM4258_0010111.jpg
tp,I1NLM4870_0010155.jpg
tp,I1NLM1920_0010015.jpg
tp,I1NLM571_0010197.jpg
tp,I1NLM2022_0010191.jpg
tp,I1NLM4561_0010257.jpg
tp,I1NLM4642_0010059.jpg
tp,I1NLM161_0010063.jpg
tp,I1NLM1722_0010155.jpg
tp,I1NLM1474_0010168.jpg
tp,I1NLM4394_0010073.jpg
tp,I1NLM1296_0010576.jpg
tp,I1NLM764_0010156.jpg
tp,I1NLM2130_0010039.jpg
tp,I1NLM20_0010040.jpg
tp,I1NLM66_0010116.jpg
tp,I1NLM2557_0010195.jpg
tp,I1NLM2527_0010219.jpg
tp,I1NLM3664_0010247.jpg
tp,I1NLM2989_0010085.jpg
tp,I1NLM2350_0010121.jpg
tp,I1NLM4540_0010169.jpg
tp,I1NLM4848_0010045.jpg
tp,I1NLM1963_0010039.jpg
tp,I1NLM3782_0010135.jpg
tp,I1NLM1338_0010238.jpg
tp,I1NLM5044_0010234.jpg
tp,I1NLM3623_0010133.jpg
tp,I1NLM444_0010176.jpg
tp,I1NLM5747_0010178.jpg
tp,I1NLM5417_0010051.jpg
tp,I1NLM4740_0010187.jpg
tp,I1NLM1558_0010003.jpg
tp,I1NLM3123_0010243.jpg
tp,I1NLM5100_0010163.jpg
tp,I1NLM3569_0010221.jpg
tp,I1NLM4376_0010305.jpg
tp,I1NLM214_0010097.jpg
tp,I1NLM4277_0010073.jpg
tp,I1NLM732_0010059.jpg
tp,I1NLM4409_0010241.jpg
tp,I1NLM5802_0010183.jpg
tp,I1NLM4576_0010095.jpg
tp,I1NLM4281_0010114.jpg
tp,I1NLM3506_0010163.jpg
tp,I1NLM5774_0010216.jpg
tp,I1NLM1184_0010263.jpg
tp,I1NLM3756_0010175.jpg
tp,I1NLM53_0010249.jpg
tp,I1NLM4189_0010154.jpg
tp,I1NLM4327_0010396.jpg
tp,I1NLM2313_0010061.jpg
tp,I1NLM182_0010343.jpg
tp,I1NLM462_0010151.jpg
tp,I1NLM5502_0010148.jpg
tp,I1NLM3912_0010087.jpg
tp,I1NLM849_0010236.jpg
tp,I1NLM2701_0010065.jpg
tp,I1NLM3600_0010183.jpg
tp,I1NLM3488_0010128.jpg
tp,I1NLM3509_0010129.jpg
tp,I1NLM4293_0010172.jpg
tp,I1NLM4426_0010229.jpg
tp,I1NLM2299_0010147.jpg
tp,I1NLM2040_0010208.jpg
tp,I1NLM4373_0010202.jpg
tp,I1NLM1896_0010192.jpg
tp,I1NLM1484_0010115.jpg
tp,I1NLM3642_0010045.jpg
tp,I1NLM4365_0010181.jpg
tp,I1NLM551_0010177.jpg
tp,I1NLM4217_0010101.jpg
tp,I1NLM5464_0010225.jpg
tp,I1NLM3877_0010141.jpg
tp,I1NLM4332_0010387.jpg
tp,I1NLM5064_0010135.jpg
tp,I1NLM5431_0010120.jpg
tp,I1NLM4618_0010285.jpg
tp,I1NLM1960_0010159.jpg
tp,I1NLM3600_0010074.jpg
tp,I1NLM2139_0010099.jpg
tp,I1NLM214_0010309.jpg
tp,I1NLM4386_0010270.jpg
tp,I1NLM5758_0010221.jpg
tp,I1NLM2640_0010092.jpg
tp,I1NLM3983_0010062.jpg
tp,I1NLM2777_0010043.jpg
tp,I1NLM3023_0010156.jpg
tp,I1NLM3909_0010190.jpg
tp,I1NLM2815_0010047.jpg
tp,I1NLM3024_0010105.jpg
tp,I1NLM2790_0010189.jpg
tp,I1NLM4177_0010187.jpg
tp,I1NLM5066_0010313.jpg
tp,I1NLM2142_0010197.jpg
tp,I1NLM2793_0010792.jpg
tp,I1NLM822_0010153.jpg
tp,I1NLM3038_0010074.jpg
tp,I1NLM1468_0010085.jpg
tp,I1NLM5753_0010229.jpg
tp,I1NLM230_0010127.jpg
tp,I1NLM1103_0010127.jpg
tp,I1NLM4459_0010306.jpg
tp,I1NLM4519_0010121.jpg
tp,I1NLM1296_0010444.jpg
tp,I1NLM2914_0010180.jpg
tp,I1NLM3602_0010571.jpg
tp,I1NLM4193_0010259.jpg
tp,I1NLM5538_0010228.jpg
tp,I1NLM4709_0010123.jpg
tp,I1NLM5075_0010269.jpg
tp,I1NLM4588_0010322.jpg
tp,I1NLM363_0010052.jpg
tp,I1NLM1930_0010053.jpg
tp,I1NLM5109_0010233.jpg
tp,I1NLM5008_0010030.jpg
tp,I1NLM1712_0010074.jpg
tp,I1NLM2200_0010181.jpg
tp,I1NLM4290_0010121.jpg
tp,I1NLM4900_0010181.jpg
tp,I1NLM1066_0010109.jpg
tp,I1NLM4477_0010077.jpg
tp,I1NLM1211_0010286.jpg
tp,I1NLM5797_0010501.jpg
tp,I1NLM4818_0010177.jpg
tp,I1NLM2976_0010089.jpg
tp,I1NLM523_0010427.jpg
tp,I1NLM4429_0010300.jpg
tp,I1NLM1203_0010346.jpg
tp,I1NLM2272_0010103.jpg
tp,I1NLM4923_0010774.jpg
tp,I1NLM2063_0010148.jpg
tp,I1NLM2520_0010131.jpg
tp,I1NLM2809_0010193.jpg
tp,I1NLM193_0010208.jpg
tp,I1NLM3957_0010253.jpg
tp,I1NLM5619_0010180.jpg
tp,I1NLM4592_0010193.jpg
tp,I1NLM4123_0010173.jpg
tp,I1NLM2422_0010105.jpg
tp,I1NLM3557_0010291.jpg
tp,I1NLM1964_0010172.jpg
tp,I1NLM3832_0010145.jpg
tp,I1NLM5145_0010233.jpg
tp,I1NLM3835_0010333.jpg
tp,I1NLM4544_0010141.jpg
tp,I1NLM4377_0010131.jpg
tp,I1NLM4120_0010257.jpg
tp,I1NLM1483_0010199.jpg
tp,I1NLM1364_0010179.jpg
tp,I1NLM262_0010230.jpg
tp,I1NLM516_0010057.jpg
tp,I1NLM5556_0010237.jpg
tp,I1NLM2872_0010123.jpg
tp,I1NLM3005_0010038.jpg
tp,I1NLM2274_0010069.jpg
tp,I1NLM5352_0010143.jpg
tp,I1NLM4508_0010057.jpg
tp,I1NLM3912_0010183.jpg
tp,I1NLM3782_0010257.jpg
tp,I1NLM5209_0010241.jpg
tp,I1NLM5727_0010238.jpg
tp,I1NLM1195_0010283.jpg
tp,I1NLM1158_0010117.jpg
tp,I1NLM1172_0010267.jpg
tp,I1NLM2357_0010115.jpg
tp,I1NLM259_0010115.jpg
tp,I1NLM3056_0010248.jpg
tp,I1NLM1577_0010170.jpg
tp,I1NLM5127_0010138.jpg
tp,I1NLM4074_0010093.jpg
tp,I1NLM1791_0010215.jpg
tp,I1NLM4624_0010161.jpg
tp,I1NLM2310_0010246.jpg
tp,I1NLM4327_0010327.jpg
tp,I1NLM5352_0010100.jpg
tp,I1NLM3089_0010268.jpg
tp,I1NLM5287_0010057.jpg
tp,I1NLM1168_0010131.jpg
tp,I1NLM268_0010297.jpg
tp,I1NLM2767_0010079.jpg
tp,I1NLM5226_0010118.jpg
tp,I1NLM5111_0010183.jpg
tp,I1NLM4795_0010409.jpg
tp,I1NLM4485_0010059.jpg
tp,I1NLM4805_0010247.jpg
tp,I1NLM3896_0010089.jpg
tp,I1NLM1583_0010141.jpg
tp,I1NLM2272_0010194.jpg
tp,I1NLM1044_0010073.jpg
tp,I1NLM2219_0010098.jpg
tp,I1NLM3666_0010220.jpg
tp,I1NLM2498_0010059.jpg
tp,I1NLM5025_0010177.jpg
tp,I1NLM5778_0010206.jpg
tp,I1NLM4371_0010161.jpg
tp,I1NLM4372_0010208.jpg
tp,I1NLM2427_0010097.jpg
tp,I1NLM3603_0010140.jpg
tp,I1NLM449_0010226.jpg
tp,I1NLM4552_0010058.jpg
tp,I1NLM127_0010097.jpg
tp,I1NLM1848_0010247.jpg
tp,I1NLM5450_0010087.jpg
tp,I1NLM3035_0010135.jpg
tp,I1NLM2079_0010203.jpg
tp,I1NLM3123_0010187.jpg
tp,I1NLM1682_0010100.jpg
tp,I1NLM4490_0010660.jpg
tp,I1NLM4205_0010201.jpg
tp,I1NLM2464_0010051.jpg
tp,I1NLM2155_0010095.jpg
tp,I1NLM2647_0010097.jpg
tp,I1NLM4330_0010354.jpg
tp,I1NLM1775_0010127.jpg
tp,I1NLM713_0010115.jpg
tp,I1NLM5029_0010233.jpg
tp,I1NLM3776_0010155.jpg
tp,I1NLM3010_0010051.jpg
tp,I1NLM1963_0010108.jpg
tp,I1NLM783_0010066.jpg
tp,I1NLM3927_0010113.jpg
tp,I1NLM4775_0010143.jpg
tp,I1NLM2231_0010131.jpg
tp,I1NLM613_0010157.jpg
tp,I1NLM4651_0010255.jpg
tp,I1NLM4612_0010023.jpg
tp,I1NLM1489_0010284.jpg
tp,I1NLM3941_0010248.jpg
tp,I1NLM441_0010055.jpg
tp,I1NLM1902_0010082.jpg
tp,I1NLM4272_0010078.jpg
tp,I1NLM4555_0010147.jpg
tp,I1NLM4992_0010249.jpg
tp,I1NLM2558_0010041.jpg
tp,I1NLM5239_0010399.jpg
tp,I1NLM5314_0010261.jpg
tp,I1NLM1588_0010099.jpg
tp,I1NLM5088_0010121.jpg
tp,I1NLM4147_0010090.jpg
tp,I1NLM4734_0010219.jpg
tp,I1NLM2318_0010191.jpg
tp,I1NLM1560_0010177.jpg
tp,I1NLM103_0010047.jpg
tp,I1NLM5087_0010237.jpg
tp,I1NLM620_0010194.jpg
tp,I1NLM1586_0010037.jpg
tp,I1NLM2270_0010133.jpg
tp,I1NLM1914_0010113.jpg
tp,I1NLM2040_0010145.jpg
tp,I1NLM5209_0010274.jpg
tp,I1NLM163_0010357.jpg
tp,I1NLM3985_0010057.jpg
tp,I1NLM3148_0010205.jpg
tp,I1NLM3677_0010115.jpg
tp,I1NLM1970_0010067.jpg
tp,I1NLM3490_0010131.jpg
tp,I1NLM4699_0010241.jpg
tp,I1NLM5647_0010051.jpg
tp,I1NLM4802_0010240.jpg
tp,I1NLM4266_0010163.jpg
tp,I1NLM2205_0010289.jpg
tp,I1NLM2226_0010122.jpg
tp,I1NLM1475_0010157.jpg
tp,I1NLM3632_0010193.jpg
tp,I1NLM5381_0010075.jpg
tp,I1NLM2311_0010144.jpg
tp,I1NLM600_0010133.jpg
tp,I1NLM4192_0010101.jpg
tp,I1NLM5101_0010081.jpg
tp,I1NLM284_0010058.jpg
tp,I1NLM3094_0010200.jpg
tp,I1NLM343_0010305.jpg
tp,I1NLM4548_0010098.jpg
tp,I1NLM191_0010149.jpg
tp,I1NLM201_0010196.jpg
tp,I1NLM446_0010151.jpg
tp,I1NLM203_0010287.jpg
tp,I1NLM5013_0010176.jpg
tp,I1NLM5752_0010230.jpg
tp,I1NLM51_0010143.jpg
tp,I1NLM5247_0010233.jpg
tp,I1NLM4910_0010169.jpg
tp,I1NLM4839_0010310.jpg
tp,I1NLM895_0010056.jpg
tp,I1NLM582_0010121.jpg
tp,I1NLM4794_0010038.jpg
tp,I1NLM5653_0010147.jpg
tp,I1NLM4480_0010256.jpg
tp,I1NLM253_0010086.jpg
tp,I1NLM3044_0010207.jpg
tp,I1NLM3990_0010258.jpg
tp,I1NLM4408_0010077.jpg
tp,I1NLM4924_0010261.jpg
tp,I1NLM2789_0010047.jpg
tp,I1NLM2450_0010129.jpg
tp,I1NLM3064_0010005.jpg
tp,I1NLM4087_0010150.jpg
tp,I1NLM1929_0010230.jpg
tp,I1NLM5765_0010104.jpg
tp,I1NLM5066_0010251.jpg
tp,I1NLM4151_0010047.jpg
tp,I1NLM4414_0010163.jpg
tp,I1NLM4722_0010197.jpg
tp,I1NLM1319_0010074.jpg
tp,I1NLM1331_0010331.jpg
tp,I1NLM740_0010007.jpg
tp,I1NLM4228_0010204.jpg
tp,I1NLM3097_0010097.jpg
tp,I1NLM4285_0010083.jpg
tp,I1NLM2940_0010113.jpg
tp,I1NLM5452_0010045.jpg
tp,I1NLM3986_0010129.jpg
tp,I1NLM4851_0010291.jpg
tp,I1NLM4225_0010186.jpg
tp,I1NLM5672_0010274.jpg
tp,I1NLM751_0010161.jpg
tp,I1NLM4613_0010495.jpg
tp,I1NLM5209_0010355.jpg
tp,I1NLM1681_0010180.jpg
tp,I1NLM264_0010063.jpg
tp,I1NLM4060_0010246.jpg
tp,I1NLM4286_0010173.jpg
tp,I1NLM2638_0010143.jpg
tp,I1NLM4549_0010107.jpg
tp,I1NLM4062_0010041.jpg
tp,I1NLM163_0010410.jpg
tp,I1NLM37_0010063.jpg
tp,I1NLM2152_0010267.jpg
tp,I1NLM3490_0010141.jpg
tp,I1NLM4566_0010132.jpg
tp,I1NLM5310_0010220.jpg
tp,I1NLM1591_0010233.jpg
tp,I1NLM3312_0010121.jpg
tp,I1NLM4432_0010239.jpg
tp,I1NLM3961_0010192.jpg
tp,I1NLM1165_0010240.jpg
tp,I1NLM2590_0010091.jpg
tp,I1NLM5649_0010127.jpg
tp,I1NLM1978_0010073.jpg
tp,I1NLM4299_0010118.jpg
tp,I1NLM5812_0010235.jpg
tp,I1NLM1195_0010185.jpg
tp,I1NLM4231_0010217.jpg
tp,I1NLM3615_0010163.jpg
tp,I1NLM4158_0010091.jpg
tp,I1NLM1937_0010209.jpg
tp,I1NLM4391_0010225.jpg
tp,I1NLM3908_0010155.jpg
tp,I1NLM4593_0010247.jpg
tp,I1NLM5158_0010352.jpg
tp,I1NLM3456_0010103.jpg
tp,I1NLM5569_0010222.jpg
tp,I1NLM3812_0010137.jpg
tp,I1NLM2793_0010207.jpg
tp,I1NLM4487_0010462.jpg
tp,I1NLM1068_0010111.jpg
tp,I1NLM1426_0010414.jpg
tp,I1NLM4174_0010299.jpg
tp,I1NLM730_0010137.jpg
tp,I1NLM4418_0010166.jpg
tp,I1NLM1853_0010119.jpg
tp,I1NLM1198_0010146.jpg
tp,I1NLM2148_0010051.jpg
tp,I1NLM4907_0010293.jpg
tp,I1NLM548_0010065.jpg
tp,I1NLM1981_0010047.jpg
tp,I1NLM5473_0010129.jpg
tp,I1NLM5512_0010060.jpg
tp,I1NLM98_0010150.jpg
tp,I1NLM442_0010021.jpg
tp,I1NLM4359_0010349.jpg
tp,I1NLM3097_0010324.jpg
tp,I1NLM4317_0010215.jpg
tp,I1NLM3467_0010055.jpg
tp,I1NLM2658_0010135.jpg
tp,I1NLM3286_0010095.jpg
tp,I1NLM2594_0010188.jpg
tp,I1NLM3053_0010173.jpg
tp,I1NLM4881_0010059.jpg
tp,I1NLM1596_0010281.jpg
tp,I1NLM3575_0010219.jpg
tp,I1NLM5170_0010105.jpg
tp,I1NLM986_0010083.jpg
tp,I1NLM146_0010023.jpg
tp,I1NLM5392_0010115.jpg
tp,I1NLM5449_0010218.jpg
tp,I1NLM136_0010261.jpg
tp,I1NLM2558_0010053.jpg
tp,I1NLM5096_0010062.jpg
tp,I1NLM1621_0010165.jpg
tp,I1NLM2079_0010151.jpg
tp,I1NLM2982_0010127.jpg
tp,I1NLM3478_0010162.jpg
tp,I1NLM3953_0010071.jpg
tp,I1NLM2777_0010132.jpg
tp,I1NLM4617_0010037.jpg
tp,I1NLM1218_0010095.jpg
tp,I1NLM4126_0010610.jpg
tp,I1NLM334_0010119.jpg
tp,I1NLM4118_0010134.jpg
tp,I1NLM4258_0010147.jpg
tp,I1NLM4446_0010431.jpg
tp,I1NLM3842_0010120.jpg
tp,I1NLM3253_0010173.jpg
tp,I1NLM823_0010067.jpg
tp,I1NLM102_0010347.jpg
tp,I1NLM2770_0010634.jpg
tp,I1NLM4482_0010047.jpg
tp,I1NLM4599_0010022.jpg
tp,I1NLM394_0010191.jpg
tp,I1NLM4260_0010139.jpg
tp,I1NLM5008_0011370.jpg
tp,I1NLM3000_0010169.jpg
tp,I1NLM2057_0010008.jpg
tp,I1NLM5123_0010171.jpg
tp,I1NLM5189_0010328.jpg
tp,I1NLM2429_0010197.jpg
tp,I1NLM4183_0010127.jpg
tp,I1NLM4451_0010051.jpg
tp,I1NLM2414_0010171.jpg
tp,I1NLM5156_0010080.jpg
tp,I1NLM1348_0010319.jpg
tp,I1NLM3829_0010209.jpg
tp,I1NLM1786_0010037.jpg
tp,I1NLM4065_0010208.jpg
tp,I1NLM5158_0010312.jpg
tp,I1NLM1614_0010320.jpg
tp,I1NLM3445_0010151.jpg
tp,I1NLM2551_0010211.jpg
tp,I1NLM206_0010169.jpg
tp,I1NLM2683_0010293.jpg
tp,I1NLM4214_0010193.jpg
tp,I1NLM4379_0010263.jpg
tp,I1NLM4155_0010113.jpg
tp,I1NLM2302_0010152.jpg
tp,I1NLM579_0010061.jpg
tp,I1NLM1883_0010218.jpg
tp,I1NLM3579_0010140.jpg
tp,I1NLM1648_0010227.jpg
tp,I1NLM3865_0010225.jpg
tp,I1NLM3504_0010174.jpg
tp,I1NLM1051_0010066.jpg
tp,I1NLM3135_0010154.jpg
tp,I1NLM2426_0010133.jpg
tp,I1NLM2127_0010179.jpg
tp,I1NLM1393_0010293.jpg
tp,I1NLM1834_0010067.jpg
tp,I1NLM4291_0010209.jpg
tp,I1NLM4646_0010273.jpg
tp,I1NLM3908_0010128.jpg
tp,I1NLM3005_0010039.jpg
tp,I1NLM276_0010143.jpg
tp,I1NLM3480_0010069.jpg
tp,I1NLM3502_0010033.jpg
tp,I1NLM3528_0010171.jpg
tp,I1NLM1232_0010331.jpg
tp,I1NLM2247_0010171.jpg
tp,I1NLM4105_0010247.jpg
tp,I1NLM4737_0010233.jpg
tp,I1NLM2615_0010188.jpg
tp,I1NLM1178_0010381.jpg
tp,I1NLM3953_0010069.jpg
tp,I1NLM3996_0010235.jpg
tp,I1NLM3557_0010253.jpg
tp,I1NLM2821_0010101.jpg
tp,I1NLM4767_0010304.jpg
tp,I1NLM3514_0010188.jpg
tp,I1NLM5717_0010227.jpg
tp,I1NLM2368_0010191.jpg
fp,I1NLM100_0010339.jpg
fp,I1NLM1024_0010092.jpg
fp,I1NLM1096_0010154.jpg
fp,I1NLM110_0010121.jpg
fp,I1NLM110_0010177.jpg
fp,I1NLM110_0010199.jpg
fp,I1NLM1114_0010132.jpg
fp,I1NLM1132_0010320.jpg
fp,I1NLM114_0010169.jpg
fp,I1NLM1143_0010195.jpg
fp,I1NLM1143_0010269.jpg
fp,I1NLM1152_0010043.jpg
fp,I1NLM1174_0010551.jpg
fp,I1NLM1193_0010025.jpg
fp,I1NLM1193_0010037.jpg
fp,I1NLM1193_0010038.jpg
fp,I1NLM1193_0010045.jpg
fp,I1NLM1193_0010236.jpg
fp,I1NLM1217_0010176.jpg
fp,I1NLM1220_0010136.jpg
fp,I1NLM1225_0010315.jpg
fp,I1NLM1225_0010324.jpg
fp,I1NLM1225_0010327.jpg
fp,I1NLM1238_0010088.jpg
fp,I1NLM1260_0010214.jpg
fp,I1NLM1260_0010342.jpg
fp,I1NLM1260_0010344.jpg
fp,I1NLM1263_0010163.jpg
fp,I1NLM1263_0010187.jpg
fp,I1NLM1263_0010202.jpg
fp,I1NLM1287_0010418.jpg
fp,I1NLM1288_0010008.jpg
fp,I1NLM1288_0010010.jpg
fp,I1NLM1315_0010073.jpg
fp,I1NLM1315_0010188.jpg
fp,I1NLM1315_0010191.jpg
fp,I1NLM132_0010142.jpg
fp,I1NLM1322_0010273.jpg
fp,I1NLM1323_0010247.jpg
fp,I1NLM1326_0010055.jpg
fp,I1NLM1332_0010278.jpg
fp,I1NLM1337_0010298.jpg
fp,I1NLM1344_0010003.jpg
fp,I1NLM1344_0010005.jpg
fp,I1NLM1344_0010020.jpg
fp,I1NLM1344_0010026.jpg
fp,I1NLM1344_0010027.jpg
fp,I1NLM1344_0010038.jpg
fp,I1NLM1344_0010041.jpg
fp,I1NLM1344_0010042.jpg
fp,I1NLM1344_0010232.jpg
fp,I1NLM1344_0010302.jpg
fp,I1NLM1353_0010230.jpg
fp,I1NLM1356_0010058.jpg
fp,I1NLM1371_0010141.jpg
fp,I1NLM1371_0010145.jpg
fp,I1NLM1382_0010003.jpg
fp,I1NLM1385_0010005.jpg
fp,I1NLM1407_0010323.jpg
fp,I1NLM1411_0010174.jpg
fp,I1NLM143_0010281.jpg
fp,I1NLM1433_0010160.jpg
fp,I1NLM1434_0010351.jpg
fp,I1NLM1449_0010030.jpg
fp,I1NLM1458_0010186.jpg
fp,I1NLM1462_0010162.jpg
fp,I1NLM1464_0010074.jpg
fp,I1NLM1464_0010078.jpg
fp,I1NLM1464_0010097.jpg
fp,I1NLM1464_0010138.jpg
fp,I1NLM147_0010271.jpg
fp,I1NLM1472_0010206.jpg
fp,I1NLM1472_0010213.jpg
fp,I1NLM1475_0010156.jpg
fp,I1NLM148_0010184.jpg
fp,I1NLM1484_0010182.jpg
fp,I1NLM1486_0010565.jpg
fp,I1NLM1493_0010346.jpg
fp,I1NLM1516_0010182.jpg
fp,I1NLM1555_0010273.jpg
fp,I1NLM1559_0010270.jpg
fp,I1NLM1564_0010286.jpg
fp,I1NLM1584_0010024.jpg
fp,I1NLM1593_0010154.jpg
fp,I1NLM1594_0010138.jpg
fp,I1NLM1602_0010078.jpg
fp,I1NLM1605_0010076.jpg
fp,I1NLM1605_0010081.jpg
fp,I1NLM1605_0010085.jpg
fp,I1NLM1605_0010087.jpg
fp,I1NLM1605_0010095.jpg
fp,I1NLM1605_0010096.jpg
fp,I1NLM1609_0010177.jpg
fp,I1NLM1620_0010062.jpg
fp,I1NLM1622_0011148.jpg
fp,I1NLM164_0010426.jpg
fp,I1NLM1644_0010270.jpg
fp,I1NLM1651_0010046.jpg
fp,I1NLM1651_0010088.jpg
fp,I1NLM1655_0010090.jpg
fp,I1NLM1663_0010143.jpg
fp,I1NLM1676_0010146.jpg
fp,I1NLM1701_0010222.jpg
fp,I1NLM1704_0010056.jpg
fp,I1NLM1736_0010105.jpg
fp,I1NLM1751_0010153.jpg
fp,I1NLM1801_0010030.jpg
fp,I1NLM181_0010053.jpg
fp,I1NLM1834_0010153.jpg
fp,I1NLM184_0010242.jpg
fp,I1NLM1894_0010155.jpg
fp,I1NLM1894_0010179.jpg
fp,I1NLM1894_0010182.jpg
fp,I1NLM1902_0010246.jpg
fp,I1NLM1902_0010249.jpg
fp,I1NLM1907_0010060.jpg
fp,I1NLM1929_0010213.jpg
fp,I1NLM1936_0010033.jpg
fp,I1NLM1953_0010183.jpg
fp,I1NLM1953_0010184.jpg
fp,I1NLM1953_0010192.jpg
fp,I1NLM2049_0010052.jpg
fp,I1NLM206_0010155.jpg
fp,I1NLM2080_0010112.jpg
fp,I1NLM210_0010254.jpg
fp,I1NLM2119_0010030.jpg
fp,I1NLM212_0010161.jpg
fp,I1NLM2121_0010145.jpg
fp,I1NLM2152_0010248.jpg
fp,I1NLM2182_0010190.jpg
fp,I1NLM2185_0010141.jpg
fp,I1NLM2193_0010024.jpg
fp,I1NLM2193_0010179.jpg
fp,I1NLM220_0010245.jpg
fp,I1NLM2210_0010216.jpg
fp,I1NLM2225_0010225.jpg
fp,I1NLM2226_0010054.jpg
fp,I1NLM2231_0010156.jpg
fp,I1NLM2231_0010158.jpg
fp,I1NLM2267_0010178.jpg
fp,I1NLM2267_0010179.jpg
fp,I1NLM2275_0010292.jpg
fp,I1NLM2283_0010081.jpg
fp,I1NLM2314_0010200.jpg
fp,I1NLM232_0010079.jpg
fp,I1NLM2371_0010090.jpg
fp,I1NLM239_0010010.jpg
fp,I1NLM2441_0010179.jpg
fp,I1NLM2445_0010061.jpg
fp,I1NLM2446_0010128.jpg
fp,I1NLM2450_0010083.jpg
fp,I1NLM2455_0010164.jpg
fp,I1NLM2456_0010040.jpg
fp,I1NLM2467_0010085.jpg
fp,I1NLM2487_0010189.jpg
fp,I1NLM2498_0010198.jpg
fp,I1NLM2498_0010204.jpg
fp,I1NLM252_0010028.jpg
fp,I1NLM2536_0010072.jpg
fp,I1NLM2551_0010187.jpg
fp,I1NLM2575_0010218.jpg
fp,I1NLM2583_0010102.jpg
fp,I1NLM2585_0010154.jpg
fp,I1NLM2585_0010194.jpg
fp,I1NLM259_0010031.jpg
fp,I1NLM2593_0010158.jpg
fp,I1NLM2599_0010084.jpg
fp,I1NLM2616_0010106.jpg
fp,I1NLM2616_0010162.jpg
fp,I1NLM2616_0010163.jpg
fp,I1NLM2619_0010233.jpg
fp,I1NLM2630_0010104.jpg
fp,I1NLM2630_0010200.jpg
fp,I1NLM2648_0010093.jpg
fp,I1NLM2656_0010025.jpg
fp,I1NLM2664_0010214.jpg
fp,I1NLM2671_0010047.jpg
fp,I1NLM2675_0010033.jpg
fp,I1NLM2690_0010087.jpg
fp,I1NLM2699_0010090.jpg
fp,I1NLM2713_0010164.jpg
fp,I1NLM2731_0010126.jpg
fp,I1NLM274_0010188.jpg
fp,I1NLM2755_0011177.jpg
fp,I1NLM2767_0010152.jpg
fp,I1NLM2767_0010601.jpg
fp,I1NLM2767_0010684.jpg
fp,I1NLM2797_0010080.jpg
fp,I1NLM2797_0010081.jpg
fp,I1NLM2797_0010083.jpg
fp,I1NLM2797_0010087.jpg
fp,I1NLM2797_0010091.jpg
fp,I1NLM2797_0010102.jpg
fp,I1NLM2797_0010114.jpg
fp,I1NLM2801_0010141.jpg
fp,I1NLM2801_0010255.jpg
fp,I1NLM2803_0010255.jpg
fp,I1NLM2806_0010208.jpg
fp,I1NLM2812_0010031.jpg
fp,I1NLM2812_0010036.jpg
fp,I1NLM2824_0010028.jpg
fp,I1NLM2824_0010043.jpg
fp,I1NLM2838_0010082.jpg
fp,I1NLM284_0010110.jpg
fp,I1NLM2882_0010067.jpg
fp,I1NLM2886_0010163.jpg
fp,I1NLM2890_0010123.jpg
fp,I1NLM292_0010166.jpg
fp,I1NLM2949_0010133.jpg
fp,I1NLM2949_0010153.jpg
fp,I1NLM2971_0010042.jpg
fp,I1NLM2998_0010256.jpg
fp,I1NLM3024_0010104.jpg
fp,I1NLM3030_0010066.jpg
fp,I1NLM304_0010140.jpg
fp,I1NLM3054_0010074.jpg
fp,I1NLM3071_0010232.jpg
fp,I1NLM309_0010198.jpg
fp,I1NLM3095_0010013.jpg
fp,I1NLM3095_0010017.jpg
fp,I1NLM3095_0010024.jpg
fp,I1NLM3095_0010221.jpg
fp,I1NLM3103_0010036.jpg
fp,I1NLM3104_0010204.jpg
fp,I1NLM3116_0010030.jpg
fp,I1NLM3132_0010154.jpg
fp,I1NLM3132_0010155.jpg
fp,I1NLM3135_0010107.jpg
fp,I1NLM3151_0010044.jpg
fp,I1NLM32_0010196.jpg
fp,I1NLM323_0010003.jpg
fp,I1NLM323_0010099.jpg
fp,I1NLM3234_0010018.jpg
fp,I1NLM3234_0010047.jpg
fp,I1NLM3234_0010116.jpg
fp,I1NLM3306_0010122.jpg
fp,I1NLM3346_0010128.jpg
fp,I1NLM3378_0010140.jpg
fp,I1NLM3400_0010206.jpg
fp,I1NLM3425_0010147.jpg
fp,I1NLM3439_0010109.jpg
fp,I1NLM3439_0010167.jpg
fp,I1NLM3455_0010030.jpg
fp,I1NLM3510_0010032.jpg
fp,I1NLM3510_0010214.jpg
fp,I1NLM3525_0010132.jpg
fp,I1NLM3532_0010060.jpg
fp,I1NLM3535_0010145.jpg
fp,I1NLM354_0010224.jpg
fp,I1NLM354_0010231.jpg
fp,I1NLM3542_0010051.jpg
fp,I1NLM3562_0010284.jpg
fp,I1NLM3568_0010167.jpg
fp,I1NLM3568_0010176.jpg
fp,I1NLM3568_0010177.jpg
fp,I1NLM3568_0010273.jpg
fp,I1NLM3569_0010071.jpg
fp,I1NLM3569_0010076.jpg
fp,I1NLM358_0010400.jpg
fp,I1NLM3586_0010036.jpg
fp,I1NLM3598_0010240.jpg
fp,I1NLM3601_0010068.jpg
fp,I1NLM3611_0010130.jpg
fp,I1NLM3613_0010056.jpg
fp,I1NLM3613_0010136.jpg
fp,I1NLM363_0010009.jpg
fp,I1NLM363_0010039.jpg
fp,I1NLM363_0010047.jpg
fp,I1NLM363_0010051.jpg
fp,I1NLM363_0010063.jpg
fp,I1NLM363_0010067.jpg
fp,I1NLM363_0010069.jpg
fp,I1NLM363_0010071.jpg
fp,I1NLM363_0010134.jpg
fp,I1NLM3637_0010230.jpg
fp,I1NLM3637_0010262.jpg
fp,I1NLM3667_0010046.jpg
fp,I1NLM369_0010388.jpg
fp,I1NLM369_0010401.jpg
fp,I1NLM3708_0010116.jpg
fp,I1NLM3749_0010291.jpg
fp,I1NLM3789_0010043.jpg
fp,I1NLM380_0010204.jpg
fp,I1NLM3815_0010093.jpg
fp,I1NLM3844_0010283.jpg
fp,I1NLM3854_0010096.jpg
fp,I1NLM3859_0010013.jpg
fp,I1NLM3861_0010041.jpg
fp,I1NLM3875_0010325.jpg
fp,I1NLM3877_0010062.jpg
fp,I1NLM3880_0010060.jpg
fp,I1NLM3880_0010081.jpg
fp,I1NLM3900_0010110.jpg
fp,I1NLM3900_0010111.jpg
fp,I1NLM3903_0010091.jpg
fp,I1NLM3921_0010262.jpg
fp,I1NLM3940_0010255.jpg
fp,I1NLM396_0010092.jpg
fp,I1NLM399_0010110.jpg
fp,I1NLM4033_0010005.jpg
fp,I1NLM4033_0010055.jpg
fp,I1NLM4033_0010107.jpg
fp,I1NLM4033_0010111.jpg
fp,I1NLM4037_0010061.jpg
fp,I1NLM4037_0010075.jpg
fp,I1NLM4042_0010089.jpg
fp,I1NLM4044_0010214.jpg
fp,I1NLM4057_0010122.jpg
fp,I1NLM4060_0010027.jpg
fp,I1NLM4060_0010033.jpg
fp,I1NLM4060_0010042.jpg
fp,I1NLM4076_0010078.jpg
fp,I1NLM4077_0010239.jpg
fp,I1NLM4083_0010126.jpg
fp,I1NLM411_0010313.jpg
fp,I1NLM4121_0010075.jpg
fp,I1NLM4126_0010568.jpg
fp,I1NLM413_0010089.jpg
fp,I1NLM413_0010293.jpg
fp,I1NLM4142_0010116.jpg
fp,I1NLM4144_0010063.jpg
fp,I1NLM4144_0010064.jpg
fp,I1NLM415_0010139.jpg
fp,I1NLM4152_0010011.jpg
fp,I1NLM4152_0010020.jpg
fp,I1NLM4152_0010023.jpg
fp,I1NLM4171_0010256.jpg
fp,I1NLM4180_0010174.jpg
fp,I1NLM4180_0010176.jpg
fp,I1NLM4180_0010178.jpg
fp,I1NLM4180_0010190.jpg
fp,I1NLM4184_0010176.jpg
fp,I1NLM4188_0010072.jpg
fp,I1NLM4209_0010032.jpg
fp,I1NLM421_0010043.jpg
fp,I1NLM421_0010081.jpg
fp,I1NLM4210_0010137.jpg
fp,I1NLM4210_0010237.jpg
fp,I1NLM4226_0010033.jpg
fp,I1NLM4239_0010103.jpg
fp,I1NLM4239_0010271.jpg
fp,I1NLM4271_0010270.jpg
fp,I1NLM4271_0010275.jpg
fp,I1NLM4271_0010276.jpg
fp,I1NLM4291_0010175.jpg
fp,I1NLM4293_0010158.jpg
fp,I1NLM4334_0010197.jpg
fp,I1NLM4334_0010253.jpg
fp,I1NLM4335_0010030.jpg
fp,I1NLM4337_0010176.jpg
fp,I1NLM4341_0010140.jpg
fp,I1NLM4356_0010013.jpg
fp,I1NLM4384_0010064.jpg
fp,I1NLM4384_0010065.jpg
fp,I1NLM4384_0010068.jpg
fp,I1NLM4384_0010069.jpg
fp,I1NLM44_0010297.jpg
fp,I1NLM4421_0010194.jpg
fp,I1NLM4421_0010215.jpg
fp,I1NLM444_0010277.jpg
fp,I1NLM4454_0010133.jpg
fp,I1NLM4457_0010126.jpg
fp,I1NLM4481_0010355.jpg
fp,I1NLM4488_0010520.jpg
fp,I1NLM4528_0010304.jpg
fp,I1NLM4561_0010032.jpg
fp,I1NLM458_0010232.jpg
fp,I1NLM4581_0010214.jpg
fp,I1NLM4593_0010330.jpg
fp,I1NLM4598_0010301.jpg
fp,I1NLM4637_0010033.jpg
fp,I1NLM4646_0010120.jpg
fp,I1NLM4646_0010142.jpg
fp,I1NLM4646_0010258.jpg
fp,I1NLM4658_0010416.jpg
fp,I1NLM469_0010106.jpg
fp,I1NLM47_0010133.jpg
fp,I1NLM4721_0010073.jpg
fp,I1NLM4791_0010141.jpg
fp,I1NLM4852_0010091.jpg
fp,I1NLM4852_0010400.jpg
fp,I1NLM4890_0010417.jpg
fp,I1NLM4890_0010604.jpg
fp,I1NLM4955_0010230.jpg
fp,I1NLM5064_0010242.jpg
fp,I1NLM5106_0010195.jpg
fp,I1NLM5115_0010021.jpg
fp,I1NLM5116_0010102.jpg
fp,I1NLM5172_0010410.jpg
fp,I1NLM52_0010240.jpg
fp,I1NLM5243_0010251.jpg
fp,I1NLM5243_0010255.jpg
fp,I1NLM5243_0010257.jpg
fp,I1NLM5243_0010258.jpg
fp,I1NLM5243_0010267.jpg
fp,I1NLM5243_0010269.jpg
fp,I1NLM5243_0010272.jpg
fp,I1NLM5243_0010273.jpg
fp,I1NLM5243_0010277.jpg
fp,I1NLM5243_0010283.jpg
fp,I1NLM5243_0010285.jpg
fp,I1NLM5243_0010291.jpg
fp,I1NLM5243_0010305.jpg
fp,I1NLM5273_0010104.jpg
fp,I1NLM5279_0010104.jpg
fp,I1NLM5319_0010065.jpg
fp,I1NLM5319_0010177.jpg
fp,I1NLM5319_0010193.jpg
fp,I1NLM5319_0010199.jpg
fp,I1NLM5320_0010207.jpg
fp,I1NLM5320_0010210.jpg
fp,I1NLM5320_0010215.jpg
fp,I1NLM5320_0010234.jpg
fp,I1NLM5326_0010235.jpg
fp,I1NLM544_0010135.jpg
fp,I1NLM5467_0010233.jpg
fp,I1NLM5467_0010235.jpg
fp,I1NLM5467_0010237.jpg
fp,I1NLM5467_0010265.jpg
fp,I1NLM5474_0010179.jpg
fp,I1NLM5480_0010287.jpg
fp,I1NLM5484_0010098.jpg
fp,I1NLM5529_0010104.jpg
fp,I1NLM5548_0010195.jpg
fp,I1NLM5552_0010115.jpg
fp,I1NLM5562_0010048.jpg
fp,I1NLM5605_0010298.jpg
fp,I1NLM5616_0010291.jpg
fp,I1NLM5648_0010124.jpg
fp,I1NLM565_0010224.jpg
fp,I1NLM565_0010251.jpg
fp,I1NLM565_0010267.jpg
fp,I1NLM565_0010272.jpg
fp,I1NLM5653_0010247.jpg
fp,I1NLM5653_0010248.jpg
fp,I1NLM5653_0010283.jpg
fp,I1NLM5670_0010003.jpg
fp,I1NLM5670_0010177.jpg
fp,I1NLM5674_0010259.jpg
fp,I1NLM5674_0010263.jpg
fp,I1NLM572_0010089.jpg
fp,I1NLM572_0010244.jpg
fp,I1NLM572_0010296.jpg
fp,I1NLM572_0010414.jpg
fp,I1NLM572_0010428.jpg
fp,I1NLM572_0010756.jpg
fp,I1NLM573_0010104.jpg
fp,I1NLM573_0010857.jpg
fp,I1NLM5735_0010017.jpg
fp,I1NLM5744_0010248.jpg
fp,I1NLM5746_0010198.jpg
fp,I1NLM5750_0010079.jpg
fp,I1NLM5750_0010085.jpg
fp,I1NLM5750_0010177.jpg
fp,I1NLM5771_0010266.jpg
fp,I1NLM5794_0010298.jpg
fp,I1NLM5794_0010301.jpg
fp,I1NLM58_0010142.jpg
fp,I1NLM58_0010182.jpg
fp,I1NLM5808_0010459.jpg
fp,I1NLM5812_0010330.jpg
fp,I1NLM588_0010256.jpg
fp,I1NLM588_0010275.jpg
fp,I1NLM588_0010293.jpg
fp,I1NLM588_0010295.jpg
fp,I1NLM588_0010299.jpg
fp,I1NLM588_0010313.jpg
fp,I1NLM588_0010319.jpg
fp,I1NLM588_0010323.jpg
fp,I1NLM6_0010214.jpg
fp,I1NLM6_0010298.jpg
fp,I1NLM622_0010164.jpg
fp,I1NLM63_0010261.jpg
fp,I1NLM632_0010195.jpg
fp,I1NLM672_0010188.jpg
fp,I1NLM679_0010086.jpg
fp,I1NLM682_0010056.jpg
fp,I1NLM730_0010117.jpg
fp,I1NLM737_0010028.jpg
fp,I1NLM740_0010006.jpg
fp,I1NLM740_0010063.jpg
fp,I1NLM752_0010075.jpg
fp,I1NLM754_0010156.jpg
fp,I1NLM764_0010248.jpg
fp,I1NLM794_0010064.jpg
fp,I1NLM849_0010082.jpg
fp,I1NLM94_0010089.jpg
fp,I1NLM94_0010202.jpg
fp,I1NLM940_0010327.jpg
fp,I1NLM97_0010279.jpg
fp,I1NLM972_0010152.jpg
fp,I1NLM995_0010005.jpg
fp,I1NLM995_0010075.jpg
fp,I1NLM995_0010078.jpg
fp,I1NLM995_0010094.jpg
tn,I1NLM5095_0010365.jpg
tn,I1NLM4849_0010285.jpg
tn,I1NLM2327_0010055.jpg
tn,I1NLM5053_0010326.jpg
tn,I1NLM4494_0010105.jpg
tn,I1NLM1086_0010046.jpg
tn,I1NLM2503_0010230.jpg
tn,I1NLM5656_0010008.jpg
tn,I1NLM3290_0010087.jpg
tn,I1NLM57_0010006.jpg
tn,I1NLM137_0010331.jpg
tn,I1NLM5213_0010133.jpg
tn,I1NLM465_0010161.jpg
tn,I1NLM2198_0010021.jpg
tn,I1NLM1575_0010084.jpg
tn,I1NLM5436_0010238.jpg
tn,I1NLM1156_0010394.jpg
tn,I1NLM84_0010494.jpg
tn,I1NLM4336_0010477.jpg
tn,I1NLM3552_0010148.jpg
tn,I1NLM294_0010387.jpg
tn,I1NLM4426_0010129.jpg
tn,I1NLM3710_0010248.jpg
tn,I1NLM4788_0010003.jpg
tn,I1NLM1720_0010127.jpg
tn,I1NLM600_0010024.jpg
tn,I1NLM1354_0010185.jpg
tn,I1NLM5018_0010010.jpg
tn,I1NLM5361_0010092.jpg
tn,I1NLM2894_0010696.jpg
tn,I1NLM5120_0010106.jpg
tn,I1NLM4336_0010538.jpg
tn,I1NLM5463_0010137.jpg
tn,I1NLM4993_0010204.jpg
tn,I1NLM3545_0010085.jpg
tn,I1NLM4224_0010093.jpg
tn,I1NLM2826_0010192.jpg
tn,I1NLM5270_0010240.jpg
tn,I1NLM359_0010300.jpg
tn,I1NLM3483_0010212.jpg
tn,I1NLM2768_0010325.jpg
tn,I1NLM2414_0010084.jpg
tn,I1NLM4538_0010353.jpg
tn,I1NLM618_0010232.jpg
tn,I1NLM1076_0010132.jpg
tn,I1NLM5312_0010056.jpg
tn,I1NLM2265_0010143.jpg
tn,I1NLM4663_0010254.jpg
tn,I1NLM873_0010094.jpg
tn,I1NLM4186_0010228.jpg
tn,I1NLM4533_0010292.jpg
tn,I1NLM4583_0010011.jpg
tn,I1NLM4686_0010216.jpg
tn,I1NLM467_0010055.jpg
tn,I1NLM1610_0010078.jpg
tn,I1NLM655_0010070.jpg
tn,I1NLM1156_0010423.jpg
tn,I1NLM4459_0010167.jpg
tn,I1NLM416_0010112.jpg
tn,I1NLM681_0010288.jpg
tn,I1NLM3811_0010067.jpg
tn,I1NLM513_0010049.jpg
tn,I1NLM2629_0010085.jpg
tn,I1NLM724_0010114.jpg
tn,I1NLM4158_0010283.jpg
tn,I1NLM4049_0010035.jpg
tn,I1NLM2928_0010181.jpg
tn,I1NLM5668_0010050.jpg
tn,I1NLM4453_0010235.jpg
tn,I1NLM1600_0010018.jpg
tn,I1NLM3662_0010120.jpg
tn,I1NLM1598_0010276.jpg
tn,I1NLM103_0010275.jpg
tn,I1NLM22_0010160.jpg
tn,I1NLM5719_0010080.jpg
tn,I1NLM2315_0010093.jpg
tn,I1NLM140_0010014.jpg
tn,I1NLM4353_0010110.jpg
tn,I1NLM3452_0010157.jpg
tn,I1NLM4619_0010205.jpg
tn,I1NLM4118_0010010.jpg
tn,I1NLM4318_0010288.jpg
tn,I1NLM3457_0010043.jpg
tn,I1NLM89_0010292.jpg
tn,I1NLM3017_0010104.jpg
tn,I1NLM1272_0010114.jpg
tn,I1NLM22_0010048.jpg
tn,I1NLM4511_0010253.jpg
tn,I1NLM4657_0010284.jpg
tn,I1NLM2810_0010229.jpg
tn,I1NLM603_0010106.jpg
tn,I1NLM3081_0010094.jpg
tn,I1NLM4140_0010181.jpg
tn,I1NLM3541_0010108.jpg
tn,I1NLM1615_0010073.jpg
tn,I1NLM3696_0010169.jpg
tn,I1NLM3238_0010063.jpg
tn,I1NLM3089_0010459.jpg
tn,I1NLM2874_0010193.jpg
tn,I1NLM4497_0010478.jpg
tn,I1NLM4711_0010200.jpg
tn,I1NLM2394_0010097.jpg
tn,I1NLM4837_0010206.jpg
tn,I1NLM5620_0010040.jpg
tn,I1NLM3676_0010033.jpg
tn,I1NLM5354_0010288.jpg
tn,I1NLM2469_0010151.jpg
tn,I1NLM5087_0010033.jpg
tn,I1NLM3943_0010079.jpg
tn,I1NLM2870_0010163.jpg
tn,I1NLM3327_0010104.jpg
tn,I1NLM1996_0010018.jpg
tn,I1NLM143_0010342.jpg
tn,I1NLM1352_0010502.jpg
tn,I1NLM3544_0010210.jpg
tn,I1NLM1559_0010433.jpg
tn,I1NLM4928_0010283.jpg
tn,I1NLM379_0010139.jpg
tn,I1NLM2991_0010065.jpg
tn,I1NLM2009_0010209.jpg
tn,I1NLM3725_0010312.jpg
tn,I1NLM5208_0010140.jpg
tn,I1NLM399_0010213.jpg
tn,I1NLM4723_0010076.jpg
tn,I1NLM60_0010103.jpg
tn,I1NLM2635_0010126.jpg
tn,I1NLM3399_0010093.jpg
tn,I1NLM4440_0010846.jpg
tn,I1NLM2849_0010146.jpg
tn,I1NLM4271_0010168.jpg
tn,I1NLM3666_0010133.jpg
tn,I1NLM1985_0010120.jpg
tn,I1NLM3568_0010215.jpg
tn,I1NLM2096_0010065.jpg
tn,I1NLM3908_0010065.jpg
tn,I1NLM555_0010164.jpg
tn,I1NLM5022_0010049.jpg
tn,I1NLM5715_0010049.jpg
tn,I1NLM1867_0010091.jpg
tn,I1NLM3765_0010146.jpg
tn,I1NLM3627_0010844.jpg
tn,I1NLM3012_0010036.jpg
tn,I1NLM2945_0010045.jpg
tn,I1NLM2199_0010202.jpg
tn,I1NLM5679_0010211.jpg
tn,I1NLM4732_0010293.jpg
tn,I1NLM4296_0010244.jpg
tn,I1NLM3258_0010030.jpg
tn,I1NLM5213_0010284.jpg
tn,I1NLM3950_0010143.jpg
tn,I1NLM4405_0010011.jpg
tn,I1NLM887_0010039.jpg
tn,I1NLM2316_0010031.jpg
tn,I1NLM4509_0010053.jpg
tn,I1NLM5120_0010132.jpg
tn,I1NLM2535_0010047.jpg
tn,I1NLM274_0010231.jpg
tn,I1NLM4373_0010036.jpg
tn,I1NLM2207_0010157.jpg
tn,I1NLM3416_0010015.jpg
tn,I1NLM5390_0010107.jpg
tn,I1NLM4855_0010359.jpg
tn,I1NLM4546_0010078.jpg
tn,I1NLM1434_0010367.jpg
tn,I1NLM685_0010229.jpg
tn,I1NLM2053_0010037.jpg
tn,I1NLM2293_0010213.jpg
tn,I1NLM2333_0010085.jpg
tn,I1NLM4856_0010124.jpg
tn,I1NLM3305_0010140.jpg
tn,I1NLM4089_0010003.jpg
tn,I1NLM3245_0010174.jpg
tn,I1NLM2334_0010077.jpg
tn,I1NLM4472_0010086.jpg
tn,I1NLM882_0010006.jpg
tn,I1NLM3344_0010142.jpg
tn,I1NLM5224_0010219.jpg
tn,I1NLM2080_0010266.jpg
tn,I1NLM5155_0010182.jpg
tn,I1NLM368_0010259.jpg
tn,I1NLM3053_0010059.jpg
tn,I1NLM70_0010155.jpg
tn,I1NLM3550_0010156.jpg
tn,I1NLM4442_0010177.jpg
tn,I1NLM474_0010092.jpg
tn,I1NLM268_0010070.jpg
tn,I1NLM5439_0010056.jpg
tn,I1NLM5313_0010083.jpg
tn,I1NLM1632_0010137.jpg
tn,I1NLM2301_0010007.jpg
tn,I1NLM1989_0010096.jpg
tn,I1NLM457_0010270.jpg
tn,I1NLM2876_0010038.jpg
tn,I1NLM469_0010045.jpg
tn,I1NLM5205_0010364.jpg
tn,I1NLM1859_0010113.jpg
tn,I1NLM39_0010370.jpg
tn,I1NLM5778_0010289.jpg
tn,I1NLM315_0010329.jpg
tn,I1NLM373_0010184.jpg
tn,I1NLM5198_0010176.jpg
tn,I1NLM2091_0010339.jpg
tn,I1NLM4654_0010056.jpg
tn,I1NLM2391_0010203.jpg
tn,I1NLM2337_0010178.jpg
tn,I1NLM82_0010091.jpg
tn,I1NLM4867_0010326.jpg
tn,I1NLM4501_0010149.jpg
tn,I1NLM1354_0010280.jpg
tn,I1NLM5785_0010266.jpg
tn,I1NLM5758_0010291.jpg
tn,I1NLM1662_0010036.jpg
tn,I1NLM4768_0010220.jpg
tn,I1NLM388_0010162.jpg
tn,I1NLM4279_0010108.jpg
tn,I1NLM4564_0010262.jpg
tn,I1NLM1894_0010236.jpg
tn,I1NLM5130_0010044.jpg
tn,I1NLM3003_0010095.jpg
tn,I1NLM4434_0010263.jpg
tn,I1NLM1934_0010114.jpg
tn,I1NLM3297_0010193.jpg
tn,I1NLM4465_0010125.jpg
tn,I1NLM3815_0010080.jpg
tn,I1NLM3309_0010032.jpg
tn,I1NLM1259_0010235.jpg
tn,I1NLM5138_0010350.jpg
tn,I1NLM2054_0010204.jpg
tn,I1NLM2395_0010020.jpg
tn,I1NLM71_0010087.jpg
tn,I1NLM4318_0010026.jpg
tn,I1NLM616_0010054.jpg
tn,I1NLM2647_0010223.jpg
tn,I1NLM1225_0010281.jpg
tn,I1NLM4913_0010334.jpg
tn,I1NLM3632_0010201.jpg
tn,I1NLM4130_0010054.jpg
tn,I1NLM1118_0010200.jpg
tn,I1NLM3744_0010129.jpg
tn,I1NLM5326_0010113.jpg
tn,I1NLM1209_0010110.jpg
tn,I1NLM425_0010005.jpg
tn,I1NLM3945_0010172.jpg
tn,I1NLM228_0010048.jpg
tn,I1NLM4817_0010197.jpg
tn,I1NLM706_0010019.jpg
tn,I1NLM4002_0010159.jpg
tn,I1NLM1013_0010097.jpg
tn,I1NLM4039_0010293.jpg
tn,I1NLM1307_0010315.jpg
tn,I1NLM2704_0010113.jpg
tn,I1NLM1332_0010259.jpg
tn,I1NLM5521_0010190.jpg
tn,I1NLM764_0010170.jpg
tn,I1NLM5613_0010206.jpg
tn,I1NLM5793_0010126.jpg
tn,I1NLM4442_0010258.jpg
tn,I1NLM3861_0010062.jpg
tn,I1NLM5413_0010204.jpg
tn,I1NLM5181_0010091.jpg
tn,I1NLM5087_0010057.jpg
tn,I1NLM3950_0010109.jpg
tn,I1NLM2485_0010148.jpg
tn,I1NLM199_0010295.jpg
tn,I1NLM1339_0010559.jpg
tn,I1NLM5616_0010177.jpg
tn,I1NLM2179_0010061.jpg
tn,I1NLM4657_0010011.jpg
tn,I1NLM5766_0010031.jpg
tn,I1NLM3322_0010074.jpg
tn,I1NLM3559_0010045.jpg
tn,I1NLM949_0010007.jpg
tn,I1NLM5737_0010005.jpg
tn,I1NLM2819_0010138.jpg
tn,I1NLM5210_0010225.jpg
tn,I1NLM4797_0010122.jpg
tn,I1NLM3587_0010101.jpg
tn,I1NLM4933_0010204.jpg
tn,I1NLM1220_0010396.jpg
tn,I1NLM305_0010238.jpg
tn,I1NLM2232_0010084.jpg
tn,I1NLM4982_0010156.jpg
tn,I1NLM2062_0010106.jpg
tn,I1NLM30_0010178.jpg
tn,I1NLM5039_0010068.jpg
tn,I1NLM1854_0010030.jpg
tn,I1NLM4993_0010095.jpg
tn,I1NLM1504_0010063.jpg
tn,I1NLM913_0010083.jpg
tn,I1NLM308_0010139.jpg
tn,I1NLM2891_0010156.jpg
tn,I1NLM1637_0010015.jpg
tn,I1NLM5556_0010143.jpg
tn,I1NLM4795_0010315.jpg
tn,I1NLM102_0010435.jpg
tn,I1NLM1305_0010028.jpg
tn,I1NLM5161_0010099.jpg
tn,I1NLM5144_0010242.jpg
tn,I1NLM5536_0010053.jpg
tn,I1NLM3627_0010579.jpg
tn,I1NLM1759_0010019.jpg
tn,I1NLM4072_0010058.jpg
tn,I1NLM3522_0010136.jpg
tn,I1NLM4652_0010040.jpg
tn,I1NLM823_0010117.jpg
tn,I1NLM2752_0011220.jpg
tn,I1NLM2818_0010130.jpg
tn,I1NLM4318_0010259.jpg
tn,I1NLM2034_0010003.jpg
tn,I1NLM4879_0010029.jpg
tn,I1NLM2927_0010049.jpg
tn,I1NLM689_0010210.jpg
tn,I1NLM571_0010140.jpg
tn,I1NLM4768_0010058.jpg
tn,I1NLM1340_0010350.jpg
tn,I1NLM4953_0010105.jpg
tn,I1NLM4185_0010112.jpg
tn,I1NLM5019_0010065.jpg
tn,I1NLM3032_0010010.jpg
tn,I1NLM1278_0010414.jpg
tn,I1NLM1079_0010048.jpg
tn,I1NLM1361_0010346.jpg
tn,I1NLM659_0010142.jpg
tn,I1NLM3314_0010169.jpg
tn,I1NLM4791_0010222.jpg
tn,I1NLM1168_0010271.jpg
tn,I1NLM4305_0010008.jpg
tn,I1NLM2898_0010270.jpg
tn,I1NLM1985_0010142.jpg
tn,I1NLM2265_0010224.jpg
tn,I1NLM2897_0010119.jpg
tn,I1NLM3631_0010306.jpg
tn,I1NLM2359_0010100.jpg
tn,I1NLM689_0010099.jpg
tn,I1NLM2511_0010021.jpg
tn,I1NLM5142_0010154.jpg
tn,I1NLM2017_0010109.jpg
tn,I1NLM5527_0010180.jpg
tn,I1NLM439_0010127.jpg
tn,I1NLM5130_0010393.jpg
tn,I1NLM1983_0010132.jpg
tn,I1NLM4669_0010014.jpg
tn,I1NLM1555_0010127.jpg
tn,I1NLM2791_0010099.jpg
tn,I1NLM4339_0010132.jpg
tn,I1NLM1418_0010490.jpg
tn,I1NLM2364_0010065.jpg
tn,I1NLM355_0010140.jpg
tn,I1NLM5229_0010131.jpg
tn,I1NLM1355_0010166.jpg
tn,I1NLM3208_0010051.jpg
tn,I1NLM2610_0010175.jpg
tn,I1NLM246_0010210.jpg
tn,I1NLM3904_0010180.jpg
tn,I1NLM324_0010012.jpg
tn,I1NLM1916_0010153.jpg
tn,I1NLM2556_0010066.jpg
tn,I1NLM3753_0010159.jpg
tn,I1NLM596_0010066.jpg
tn,I1NLM2358_0010070.jpg
tn,I1NLM945_0010048.jpg
tn,I1NLM195_0010058.jpg
tn,I1NLM1322_0010333.jpg
tn,I1NLM4692_0010156.jpg
tn,I1NLM413_0010114.jpg
tn,I1NLM3772_0010103.jpg
tn,I1NLM4422_0010182.jpg
tn,I1NLM4343_0010218.jpg
tn,I1NLM2542_0010171.jpg
tn,I1NLM2725_0011285.jpg
tn,I1NLM1705_0010019.jpg
tn,I1NLM37_0010115.jpg
tn,I1NLM4929_0010048.jpg
tn,I1NLM4326_0010147.jpg
tn,I1NLM3958_0010204.jpg
tn,I1NLM4452_0010097.jpg
tn,I1NLM5730_0010189.jpg
tn,I1NLM3170_0010319.jpg
tn,I1NLM1375_0010182.jpg
tn,I1NLM5500_0010144.jpg
tn,I1NLM4835_0010179.jpg
tn,I1NLM2594_0010194.jpg
tn,I1NLM5606_0010136.jpg
tn,I1NLM4723_0010040.jpg
tn,I1NLM2874_0010122.jpg
tn,I1NLM1971_0010223.jpg
tn,I1NLM5388_0010318.jpg
tn,I1NLM1432_0010043.jpg
tn,I1NLM1638_0010196.jpg
tn,I1NLM15_0010074.jpg
tn,I1NLM5096_0010091.jpg
tn,I1NLM2783_0010222.jpg
tn,I1NLM4811_0010144.jpg
tn,I1NLM2539_0010163.jpg
tn,I1NLM2673_0010518.jpg
tn,I1NLM4049_0010223.jpg
tn,I1NLM2755_0010447.jpg
tn,I1NLM4690_0010141.jpg
tn,I1NLM4556_0010246.jpg
tn,I1NLM4359_0010245.jpg
tn,I1NLM3602_0010035.jpg
tn,I1NLM4357_0010017.jpg
tn,I1NLM1335_0010038.jpg
tn,I1NLM5325_0010320.jpg
tn,I1NLM3412_0010141.jpg
tn,I1NLM4030_0010284.jpg
tn,I1NLM1547_0010178.jpg
tn,I1NLM3192_0010202.jpg
tn,I1NLM5379_0010259.jpg
tn,I1NLM1259_0010725.jpg
tn,I1NLM4955_0010109.jpg
tn,I1NLM693_0010131.jpg
tn,I1NLM3114_0010136.jpg
tn,I1NLM725_0010150.jpg
tn,I1NLM4446_0010008.jpg
tn,I1NLM4487_0010838.jpg
tn,I1NLM707_0010134.jpg
tn,I1NLM406_0010100.jpg
tn,I1NLM2477_0010080.jpg
tn,I1NLM3060_0010152.jpg
tn,I1NLM5714_0010076.jpg
tn,I1NLM2428_0010053.jpg
tn,I1NLM2894_0010302.jpg
tn,I1NLM2987_0010163.jpg
tn,I1NLM3844_0010142.jpg
tn,I1NLM5773_0010234.jpg
tn,I1NLM4924_0010268.jpg
tn,I1NLM4059_0010072.jpg
tn,I1NLM2192_0010085.jpg
tn,I1NLM2080_0010229.jpg
tn,I1NLM3372_0010036.jpg
tn,I1NLM4649_0010207.jpg
tn,I1NLM2304_0010179.jpg
tn,I1NLM5176_0010028.jpg
tn,I1NLM80_0010239.jpg
tn,I1NLM4112_0010028.jpg
tn,I1NLM5617_0010102.jpg
tn,I1NLM1656_0010105.jpg
tn,I1NLM2246_0010031.jpg
tn,I1NLM1995_0010094.jpg
tn,I1NLM2141_0010254.jpg
tn,I1NLM4257_0010104.jpg
tn,I1NLM1741_0010027.jpg
tn,I1NLM4024_0010302.jpg
tn,I1NLM2291_0010036.jpg
tn,I1NLM5762_0010249.jpg
tn,I1NLM4800_0010035.jpg
tn,I1NLM3928_0010267.jpg
tn,I1NLM4722_0010215.jpg
tn,I1NLM493_0010069.jpg
tn,I1NLM4892_0010215.jpg
tn,I1NLM4213_0010279.jpg
tn,I1NLM1575_0010390.jpg
tn,I1NLM1108_0010119.jpg
tn,I1NLM408_0010120.jpg
tn,I1NLM1585_0010060.jpg
tn,I1NLM5654_0010158.jpg
tn,I1NLM4708_0010234.jpg
tn,I1NLM122_0010095.jpg
tn,I1NLM4711_0010268.jpg
tn,I1NLM1380_0010015.jpg
tn,I1NLM707_0010019.jpg
tn,I1NLM4772_0010282.jpg
tn,I1NLM3011_0010027.jpg
tn,I1NLM3130_0010097.jpg
tn,I1NLM4110_0010207.jpg
tn,I1NLM5223_0010195.jpg
tn,I1NLM5288_0010198.jpg
tn,I1NLM5029_0010108.jpg
tn,I1NLM5562_0010030.jpg
tn,I1NLM334_0010146.jpg
tn,I1NLM2350_0010187.jpg
tn,I1NLM1403_0010231.jpg
tn,I1NLM1925_0010283.jpg
tn,I1NLM315_0010378.jpg
tn,I1NLM5031_0010014.jpg
tn,I1NLM5536_0010041.jpg
tn,I1NLM1335_0010405.jpg
tn,I1NLM3530_0010160.jpg
tn,I1NLM371_0010079.jpg
tn,I1NLM4316_0010184.jpg
tn,I1NLM1937_0010142.jpg
tn,I1NLM1228_0010524.jpg
tn,I1NLM2166_0010227.jpg
tn,I1NLM3054_0010178.jpg
tn,I1NLM114_0010156.jpg
tn,I1NLM3275_0010032.jpg
tn,I1NLM2331_0010173.jpg
tn,I1NLM350_0010202.jpg
tn,I1NLM337_0010005.jpg
tn,I1NLM592_0010116.jpg
tn,I1NLM1760_0010130.jpg
tn,I1NLM4814_0010006.jpg
tn,I1NLM4581_0010049.jpg
tn,I1NLM1526_0010119.jpg
tn,I1NLM2896_0010146.jpg
tn,I1NLM364_0010093.jpg
tn,I1NLM3755_0010083.jpg
tn,I1NLM5759_0010279.jpg
tn,I1NLM2277_0010085.jpg
tn,I1NLM2243_0010024.jpg
tn,I1NLM2031_0010128.jpg
tn,I1NLM4318_0010057.jpg
tn,I1NLM5527_0010210.jpg
tn,I1NLM2669_0010073.jpg
tn,I1NLM3231_0010188.jpg
tn,I1NLM3906_0010168.jpg
tn,I1NLM3934_0010057.jpg
tn,I1NLM2845_0010145.jpg
tn,I1NLM2402_0010136.jpg
tn,I1NLM1457_0010088.jpg
tn,I1NLM4833_0010317.jpg
tn,I1NLM3699_0010074.jpg
tn,I1NLM4442_0010304.jpg
tn,I1NLM4894_0010253.jpg
tn,I1NLM3385_0010044.jpg
tn,I1NLM5170_0010166.jpg
tn,I1NLM4589_0010059.jpg
tn,I1NLM2072_0010017.jpg
tn,I1NLM3576_0010151.jpg
tn,I1NLM1818_0010257.jpg
tn,I1NLM4304_0010604.jpg
tn,I1NLM5243_0010179.jpg
tn,I1NLM955_0010087.jpg
tn,I1NLM3852_0010187.jpg
tn,I1NLM2550_0010090.jpg
tn,I1NLM2097_0010154.jpg
tn,I1NLM2085_0010224.jpg
tn,I1NLM22_0010335.jpg
tn,I1NLM5516_0010161.jpg
tn,I1NLM3008_0010102.jpg
tn,I1NLM742_0010115.jpg
tn,I1NLM1118_0010314.jpg
tn,I1NLM3344_0010023.jpg
tn,I1NLM1438_0010279.jpg
tn,I1NLM2265_0010080.jpg
tn,I1NLM4911_0010098.jpg
tn,I1NLM3654_0010203.jpg
tn,I1NLM5479_0010046.jpg
tn,I1NLM2945_0010084.jpg
tn,I1NLM3276_0010037.jpg
tn,I1NLM2993_0010146.jpg
tn,I1NLM2603_0010156.jpg
tn,I1NLM2213_0010054.jpg
tn,I1NLM450_0010244.jpg
tn,I1NLM187_0010211.jpg
tn,I1NLM4134_0010197.jpg
tn,I1NLM2655_0010031.jpg
tn,I1NLM2604_0010109.jpg
tn,I1NLM3338_0010017.jpg
tn,I1NLM4177_0010115.jpg
tn,I1NLM82_0010099.jpg
tn,I1NLM1085_0010105.jpg
tn,I1NLM4961_0010273.jpg
tn,I1NLM3717_0010262.jpg
tn,I1NLM1544_0010087.jpg
tn,I1NLM2767_0010410.jpg
tn,I1NLM1263_0010221.jpg
tn,I1NLM725_0010087.jpg
tn,I1NLM4616_0010137.jpg
tn,I1NLM4497_0010304.jpg
tn,I1NLM1160_0010430.jpg
tn,I1NLM5187_0010176.jpg
tn,I1NLM5660_0010036.jpg
tn,I1NLM1992_0010060.jpg
tn,I1NLM4057_0010221.jpg
tn,I1NLM652_0010060.jpg
tn,I1NLM1640_0010101.jpg
tn,I1NLM4822_0010017.jpg
tn,I1NLM1122_0010237.jpg
tn,I1NLM4025_0010170.jpg
tn,I1NLM968_0010052.jpg
tn,I1NLM3932_0010053.jpg
tn,I1NLM3549_0010050.jpg
tn,I1NLM3500_0010200.jpg
tn,I1NLM4364_0010236.jpg
tn,I1NLM486_0010366.jpg
tn,I1NLM5546_0010025.jpg
tn,I1NLM5425_0010180.jpg
tn,I1NLM1672_0010010.jpg
tn,I1NLM4894_0010060.jpg
tn,I1NLM1246_0010112.jpg
tn,I1NLM1899_0010057.jpg
tn,I1NLM1413_0010028.jpg
tn,I1NLM5245_0010337.jpg
tn,I1NLM5749_0010084.jpg
tn,I1NLM5323_0010428.jpg
tn,I1NLM5156_0010109.jpg
tn,I1NLM1558_0010397.jpg
tn,I1NLM1958_0010118.jpg
tn,I1NLM415_0010282.jpg
tn,I1NLM2967_0010030.jpg
tn,I1NLM427_0010007.jpg
tn,I1NLM3739_0010058.jpg
tn,I1NLM462_0010048.jpg
tn,I1NLM4186_0010168.jpg
tn,I1NLM1225_0010104.jpg
tn,I1NLM1396_0010360.jpg
tn,I1NLM290_0010300.jpg
tn,I1NLM4009_0010160.jpg
tn,I1NLM3214_0010286.jpg
tn,I1NLM4740_0010179.jpg
tn,I1NLM1284_0010137.jpg
tn,I1NLM4824_0010270.jpg
tn,I1NLM4396_0010182.jpg
tn,I1NLM2206_0010161.jpg
tn,I1NLM2545_0010121.jpg
tn,I1NLM5505_0010074.jpg
tn,I1NLM4810_0010174.jpg
tn,I1NLM2475_0010020.jpg
tn,I1NLM3487_0010263.jpg
tn,I1NLM5416_0010218.jpg
tn,I1NLM603_0010272.jpg
tn,I1NLM3445_0010104.jpg
tn,I1NLM1471_0010160.jpg
tn,I1NLM6_0010355.jpg
tn,I1NLM4102_0010157.jpg
tn,I1NLM435_0010637.jpg
tn,I1NLM4793_0010282.jpg
tn,I1NLM3900_0010085.jpg
tn,I1NLM1877_0010082.jpg
tn,I1NLM1110_0010176.jpg
tn,I1NLM3375_0010212.jpg
tn,I1NLM304_0010080.jpg
tn,I1NLM2476_0010021.jpg
tn,I1NLM2729_0010301.jpg
tn,I1NLM294_0010153.jpg
tn,I1NLM255_0010280.jpg
tn,I1NLM691_0010084.jpg
tn,I1NLM1512_0010219.jpg
tn,I1NLM135_0010146.jpg
tn,I1NLM2711_0010059.jpg
tn,I1NLM1442_0010123.jpg
tn,I1NLM4372_0010075.jpg
tn,I1NLM4049_0010259.jpg
tn,I1NLM2662_0010197.jpg
tn,I1NLM5491_0010200.jpg
tn,I1NLM5142_0010149.jpg
tn,I1NLM297_0010498.jpg
tn,I1NLM1279_0010399.jpg
tn,I1NLM4723_0010263.jpg
tn,I1NLM2813_0010185.jpg
tn,I1NLM5736_0010180.jpg
tn,I1NLM4953_0010225.jpg
tn,I1NLM3851_0010020.jpg
tn,I1NLM3054_0010211.jpg
tn,I1NLM4356_0010053.jpg
tn,I1NLM3602_0011124.jpg
tn,I1NLM588_0010154.jpg
tn,I1NLM1296_0010274.jpg
tn,I1NLM1355_0010361.jpg
tn,I1NLM3178_0010103.jpg
tn,I1NLM3035_0010067.jpg
tn,I1NLM1280_0010067.jpg
tn,I1NLM5072_0010016.jpg
tn,I1NLM5227_0010822.jpg
tn,I1NLM1554_0010138.jpg
tn,I1NLM4166_0010222.jpg
tn,I1NLM297_0010406.jpg
tn,I1NLM5716_0010085.jpg
tn,I1NLM4509_0010320.jpg
tn,I1NLM1751_0010071.jpg
tn,I1NLM173_0010047.jpg
tn,I1NLM4187_0010063.jpg
tn,I1NLM5548_0010096.jpg
tn,I1NLM4753_0010217.jpg
tn,I1NLM2471_0010167.jpg
tn,I1NLM3881_0010138.jpg
tn,I1NLM864_0010216.jpg
tn,I1NLM4010_0010110.jpg
tn,I1NLM307_0010019.jpg
tn,I1NLM83_0010010.jpg
tn,I1NLM806_0010123.jpg
tn,I1NLM1466_0010085.jpg
tn,I1NLM1407_0010071.jpg
tn,I1NLM1239_0010808.jpg
tn,I1NLM4811_0010331.jpg
tn,I1NLM4669_0010336.jpg
tn,I1NLM3967_0010018.jpg
tn,I1NLM3996_0010082.jpg
tn,I1NLM4152_0010191.jpg
tn,I1NLM2685_0010092.jpg
tn,I1NLM3579_0010239.jpg
tn,I1NLM3036_0010202.jpg
tn,I1NLM4033_0010050.jpg
tn,I1NLM1468_0010365.jpg
tn,I1NLM2160_0010128.jpg
tn,I1NLM3569_0010117.jpg
tn,I1NLM1687_0010050.jpg
tn,I1NLM2343_0010033.jpg
tn,I1NLM4968_0010342.jpg
tn,I1NLM105_0010078.jpg
tn,I1NLM1351_0010426.jpg
tn,I1NLM1250_0010452.jpg
tn,I1NLM2161_0010090.jpg
tn,I1NLM625_0010122.jpg
tn,I1NLM3843_0010247.jpg
tn,I1NLM5735_0010194.jpg
tn,I1NLM3293_0010047.jpg
tn,I1NLM2365_0010055.jpg
tn,I1NLM4910_0010398.jpg
tn,I1NLM3317_0010026.jpg
tn,I1NLM4303_0010536.jpg
tn,I1NLM5792_0010013.jpg
tn,I1NLM1583_0010144.jpg
tn,I1NLM160_0010109.jpg
tn,I1NLM1768_0010175.jpg
tn,I1NLM1153_0010300.jpg
tn,I1NLM2765_0010631.jpg
tn,I1NLM4551_0010271.jpg
tn,I1NLM3593_0010067.jpg
tn,I1NLM1623_0010008.jpg
tn,I1NLM2314_0010151.jpg
tn,I1NLM4901_0010144.jpg
tn,I1NLM4040_0010140.jpg
tn,I1NLM4170_0010124.jpg
tn,I1NLM3488_0010172.jpg
tn,I1NLM1217_0010589.jpg
tn,I1NLM5276_0010116.jpg
tn,I1NLM4571_0010175.jpg
tn,I1NLM2717_0010051.jpg
tn,I1NLM2016_0010051.jpg
tn,I1NLM200_0010143.jpg
tn,I1NLM505_0010083.jpg
tn,I1NLM4533_0010180.jpg
tn,I1NLM5520_0010136.jpg
tn,I1NLM2976_0010194.jpg
tn,I1NLM513_0010091.jpg
tn,I1NLM1575_0010418.jpg
tn,I1NLM5013_0010051.jpg
tn,I1NLM4760_0010299.jpg
tn,I1NLM5104_0010304.jpg
tn,I1NLM3648_0010259.jpg
tn,I1NLM2903_0010012.jpg
tn,I1NLM5086_0010079.jpg
tn,I1NLM1615_0010077.jpg
tn,I1NLM1277_0010141.jpg
tn,I1NLM1571_0010269.jpg
tn,I1NLM1167_0010040.jpg
tn,I1NLM4186_0010172.jpg
tn,I1NLM2619_0010045.jpg
tn,I1NLM5670_0010071.jpg
tn,I1NLM2625_0010106.jpg
tn,I1NLM4605_0010237.jpg
tn,I1NLM5652_0010108.jpg
tn,I1NLM1622_0010377.jpg
tn,I1NLM162_0010115.jpg
tn,I1NLM2101_0010158.jpg
tn,I1NLM685_0010304.jpg
tn,I1NLM2972_0010227.jpg
tn,I1NLM5044_0010403.jpg
tn,I1NLM4033_0010182.jpg
tn,I1NLM5315_0010165.jpg
tn,I1NLM4369_0010273.jpg
tn,I1NLM3276_0010073.jpg
tn,I1NLM4788_0010078.jpg
tn,I1NLM5783_0010206.jpg
tn,I1NLM1573_0010085.jpg
tn,I1NLM3155_0010074.jpg
tn,I1NLM5026_0010289.jpg
tn,I1NLM1513_0010315.jpg
tn,I1NLM456_0010255.jpg
tn,I1NLM2009_0010069.jpg
tn,I1NLM2072_0010124.jpg
tn,I1NLM4984_0010100.jpg
tn,I1NLM3072_0010251.jpg
tn,I1NLM2259_0010175.jpg
tn,I1NLM1281_0010246.jpg
tn,I1NLM4782_0010128.jpg
tn,I1NLM1046_0010133.jpg
tn,I1NLM223_0010150.jpg
tn,I1NLM2545_0010103.jpg
tn,I1NLM2505_0010151.jpg
tn,I1NLM5139_0010171.jpg
tn,I1NLM1354_0010020.jpg
tn,I1NLM4589_0010215.jpg
tn,I1NLM4138_0010120.jpg
tn,I1NLM4152_0010069.jpg
tn,I1NLM2841_0010160.jpg
tn,I1NLM436_0010206.jpg
tn,I1NLM5612_0010053.jpg
tn,I1NLM2674_0010021.jpg
tn,I1NLM4703_0010201.jpg
tn,I1NLM3506_0010035.jpg
tn,I1NLM5402_0010179.jpg
tn,I1NLM1840_0010182.jpg
tn,I1NLM83_0010281.jpg
tn,I1NLM5687_0010120.jpg
tn,I1NLM12_0010069.jpg
tn,I1NLM539_0010076.jpg
tn,I1NLM1602_0010316.jpg
tn,I1NLM6_0010142.jpg
tn,I1NLM4497_0010340.jpg
tn,I1NLM1211_0010247.jpg
tn,I1NLM1815_0010193.jpg
tn,I1NLM4838_0010138.jpg
tn,I1NLM1974_0010041.jpg
tn,I1NLM5678_0010094.jpg
tn,I1NLM4816_0010290.jpg
tn,I1NLM1153_0010179.jpg
tn,I1NLM32_0010133.jpg
tn,I1NLM4415_0010032.jpg
tn,I1NLM568_0010397.jpg
tn,I1NLM2238_0010104.jpg
tn,I1NLM5704_0010037.jpg
tn,I1NLM188_0010149.jpg
tn,I1NLM3219_0010163.jpg
tn,I1NLM767_0010043.jpg
tn,I1NLM5084_0010296.jpg
tn,I1NLM4836_0010093.jpg
tn,I1NLM2725_0010546.jpg
tn,I1NLM4351_0010226.jpg
tn,I1NLM5512_0010128.jpg
tn,I1NLM2677_0010283.jpg
tn,I1NLM5619_0010044.jpg
tn,I1NLM5619_0010420.jpg
tn,I1NLM1200_0010344.jpg
tn,I1NLM5747_0010183.jpg
tn,I1NLM1489_0010187.jpg
tn,I1NLM3526_0010086.jpg
tn,I1NLM4716_0010092.jpg
tn,I1NLM2118_0010250.jpg
tn,I1NLM4810_0010152.jpg
tn,I1NLM3598_0010088.jpg
tn,I1NLM3744_0010011.jpg
tn,I1NLM3575_0010052.jpg
tn,I1NLM1524_0010099.jpg
tn,I1NLM3875_0010297.jpg
tn,I1NLM348_0010105.jpg
tn,I1NLM571_0010393.jpg
tn,I1NLM549_0010009.jpg
tn,I1NLM3407_0010119.jpg
tn,I1NLM5276_0010227.jpg
tn,I1NLM5004_0010259.jpg
tn,I1NLM594_0010193.jpg
tn,I1NLM4566_0010235.jpg
tn,I1NLM4503_0010059.jpg
tn,I1NLM1846_0010021.jpg
tn,I1NLM5045_0010201.jpg
tn,I1NLM4829_0010037.jpg
tn,I1NLM2057_0010162.jpg
tn,I1NLM1737_0010092.jpg
tn,I1NLM5766_0010215.jpg
tn,I1NLM431_0010242.jpg
tn,I1NLM1339_0010265.jpg
tn,I1NLM634_0010191.jpg
tn,I1NLM1385_0010102.jpg
tn,I1NLM2957_0010232.jpg
tn,I1NLM5445_0010144.jpg
tn,I1NLM3986_0010190.jpg
tn,I1NLM5395_0010065.jpg
tn,I1NLM1280_0010101.jpg
tn,I1NLM4232_0010205.jpg
tn,I1NLM4683_0010276.jpg
tn,I1NLM1828_0010062.jpg
tn,I1NLM2827_0010152.jpg
tn,I1NLM3162_0010165.jpg
tn,I1NLM4725_0010062.jpg
tn,I1NLM4491_0010179.jpg
tn,I1NLM446_0010090.jpg
tn,I1NLM4786_0010221.jpg
tn,I1NLM1703_0010206.jpg
tn,I1NLM1601_0010126.jpg
tn,I1NLM1225_0010081.jpg
tn,I1NLM1739_0010013.jpg
tn,I1NLM4274_0010195.jpg
tn,I1NLM618_0010200.jpg
tn,I1NLM685_0010352.jpg
tn,I1NLM1554_0010029.jpg
tn,I1NLM1148_0010303.jpg
tn,I1NLM909_0010040.jpg
tn,I1NLM2197_0010167.jpg
tn,I1NLM5158_0010110.jpg
tn,I1NLM3444_0010154.jpg
tn,I1NLM3366_0010010.jpg
tn,I1NLM4173_0010347.jpg
tn,I1NLM950_0010051.jpg
tn,I1NLM2936_0010185.jpg
tn,I1NLM1172_0010037.jpg
tn,I1NLM3495_0010065.jpg
tn,I1NLM1894_0010041.jpg
tn,I1NLM136_0010028.jpg
tn,I1NLM2161_0010096.jpg
tn,I1NLM1537_0010330.jpg
tn,I1NLM5115_0010145.jpg
tn,I1NLM720_0010174.jpg
tn,I1NLM5150_0010133.jpg
tn,I1NLM4363_0010253.jpg
tn,I1NLM1898_0010141.jpg
tn,I1NLM3146_0010106.jpg
tn,I1NLM1084_0010128.jpg
tn,I1NLM3566_0010139.jpg
tn,I1NLM4159_0010146.jpg
tn,I1NLM4966_0010017.jpg
tn,I1NLM685_0010293.jpg
tn,I1NLM2114_0010146.jpg
tn,I1NLM414_0010111.jpg
tn,I1NLM2097_0010144.jpg
tn,I1NLM4768_0010185.jpg
tn,I1NLM2059_0010144.jpg
tn,I1NLM4935_0010196.jpg
tn,I1NLM5504_0010309.jpg
tn,I1NLM5795_0010054.jpg
tn,I1NLM5008_0011380.jpg
tn,I1NLM1434_0010098.jpg
tn,I1NLM64_0010374.jpg
tn,I1NLM5763_0010195.jpg
tn,I1NLM2346_0010287.jpg
tn,I1NLM3631_0010062.jpg
tn,I1NLM3796_0010199.jpg
tn,I1NLM1757_0010078.jpg
tn,I1NLM5298_0010062.jpg
tn,I1NLM5495_0010014.jpg
tn,I1NLM3116_0010104.jpg
tn,I1NLM1094_0010016.jpg
tn,I1NLM3410_0010189.jpg
tn,I1NLM3350_0010603.jpg
tn,I1NLM4163_0010216.jpg
tn,I1NLM2661_0010051.jpg
tn,I1NLM893_0010255.jpg
tn,I1NLM2219_0010212.jpg
tn,I1NLM1579_0010120.jpg
tn,I1NLM3103_0010143.jpg
tn,I1NLM3268_0010207.jpg
tn,I1NLM3904_0010241.jpg
tn,I1NLM4159_0010148.jpg
tn,I1NLM5328_0010058.jpg
tn,I1NLM2951_0010171.jpg
tn,I1NLM5691_0010036.jpg
tn,I1NLM452_0010110.jpg
tn,I1NLM4143_0010194.jpg
tn,I1NLM2863_0010223.jpg
tn,I1NLM2338_0010106.jpg
tn,I1NLM5325_0010261.jpg
tn,I1NLM1491_0010013.jpg
tn,I1NLM5126_0010334.jpg
tn,I1NLM4814_0010054.jpg
tn,I1NLM5742_0010033.jpg
tn,I1NLM1107_0010511.jpg
tn,I1NLM1444_0010486.jpg
tn,I1NLM5517_0010184.jpg
tn,I1NLM2304_0010023.jpg
tn,I1NLM3275_0010173.jpg
tn,I1NLM5131_0010006.jpg
tn,I1NLM4059_0010225.jpg
tn,I1NLM412_0010141.jpg
tn,I1NLM2558_0010030.jpg
tn,I1NLM1717_0010056.jpg
tn,I1NLM295_0010197.jpg
tn,I1NLM5328_0010230.jpg
tn,I1NLM1681_0010042.jpg
tn,I1NLM1332_0010237.jpg
tn,I1NLM3530_0010190.jpg
tn,I1NLM2487_0010211.jpg
tn,I1NLM663_0010054.jpg
tn,I1NLM5030_0010007.jpg
tn,I1NLM1766_0010071.jpg
tn,I1NLM2571_0010006.jpg
tn,I1NLM72_0010137.jpg
tn,I1NLM5470_0010090.jpg
tn,I1NLM5276_0010061.jpg
tn,I1NLM4897_0010008.jpg
tn,I1NLM2014_0010181.jpg
tn,I1NLM3562_0010026.jpg
tn,I1NLM1206_0010226.jpg
tn,I1NLM4093_0010113.jpg
tn,I1NLM3174_0010121.jpg
tn,I1NLM5226_0010050.jpg
tn,I1NLM4145_0010075.jpg
tn,I1NLM2310_0010022.jpg
tn,I1NLM3652_0010232.jpg
tn,I1NLM4280_0010252.jpg
tn,I1NLM3699_0010224.jpg
tn,I1NLM2430_0010143.jpg
tn,I1NLM3511_0010148.jpg
tn,I1NLM5154_0010162.jpg
tn,I1NLM5311_0010080.jpg
tn,I1NLM4807_0010161.jpg
tn,I1NLM2511_0010072.jpg
tn,I1NLM3979_0010029.jpg
tn,I1NLM164_0010141.jpg
tn,I1NLM4903_0010047.jpg
tn,I1NLM438_0010185.jpg
tn,I1NLM1458_0010322.jpg
tn,I1NLM5566_0010027.jpg
tn,I1NLM1874_0010259.jpg
tn,I1NLM1434_0010040.jpg
tn,I1NLM2271_0010072.jpg
tn,I1NLM3941_0010275.jpg
tn,I1NLM4301_0010027.jpg
tn,I1NLM3452_0010219.jpg
tn,I1NLM5609_0010114.jpg
tn,I1NLM2200_0010140.jpg
tn,I1NLM2310_0010242.jpg
tn,I1NLM4358_0010116.jpg
tn,I1NLM2279_0010037.jpg
tn,I1NLM1468_0010161.jpg
tn,I1NLM1948_0010034.jpg
tn,I1NLM4796_0010190.jpg
tn,I1NLM4483_0010235.jpg
fn,I1NLM100_0010199.jpg
fn,I1NLM1008_0010119.jpg
fn,I1NLM1110_0010079.jpg
fn,I1NLM1143_0010264.jpg
fn,I1NLM1143_0010406.jpg
fn,I1NLM1152_0010180.jpg
fn,I1NLM1172_0010391.jpg
fn,I1NLM1194_0010399.jpg
fn,I1NLM1195_0010277.jpg
fn,I1NLM1218_0010387.jpg
fn,I1NLM1229_0010265.jpg
fn,I1NLM1263_0010161.jpg
fn,I1NLM1287_0010375.jpg
fn,I1NLM1315_0010217.jpg
fn,I1NLM1322_0010248.jpg
fn,I1NLM1337_0010283.jpg
fn,I1NLM1339_0010316.jpg
fn,I1NLM1339_0010392.jpg
fn,I1NLM1348_0010162.jpg
fn,I1NLM1348_0010266.jpg
fn,I1NLM1348_0010312.jpg
fn,I1NLM1348_0010322.jpg
fn,I1NLM137_0010081.jpg
fn,I1NLM1397_0010133.jpg
fn,I1NLM1428_0010425.jpg
fn,I1NLM1429_0010097.jpg
fn,I1NLM1433_0010188.jpg
fn,I1NLM1450_0010085.jpg
fn,I1NLM150_0010188.jpg
fn,I1NLM1514_0010318.jpg
fn,I1NLM1549_0010163.jpg
fn,I1NLM1557_0010295.jpg
fn,I1NLM1575_0010287.jpg
fn,I1NLM1654_0010003.jpg
fn,I1NLM1752_0010131.jpg
fn,I1NLM1765_0010133.jpg
fn,I1NLM1765_0010202.jpg
fn,I1NLM1765_0010205.jpg
fn,I1NLM1765_0010220.jpg
fn,I1NLM1804_0010102.jpg
fn,I1NLM1831_0010012.jpg
fn,I1NLM1831_0010016.jpg
fn,I1NLM1836_0010282.jpg
fn,I1NLM1858_0010238.jpg
fn,I1NLM1879_0010142.jpg
fn,I1NLM1879_0010145.jpg
fn,I1NLM1915_0010169.jpg
fn,I1NLM1990_0010025.jpg
fn,I1NLM20_0010042.jpg
fn,I1NLM2015_0010293.jpg
fn,I1NLM2030_0010159.jpg
fn,I1NLM2030_0010168.jpg
fn,I1NLM2030_0010169.jpg
fn,I1NLM2030_0010383.jpg
fn,I1NLM2048_0010159.jpg
fn,I1NLM2094_0010125.jpg
fn,I1NLM2131_0010193.jpg
fn,I1NLM2131_0010267.jpg
fn,I1NLM2137_0010097.jpg
fn,I1NLM2141_0010187.jpg
fn,I1NLM2141_0010237.jpg
fn,I1NLM2154_0010096.jpg
fn,I1NLM2154_0010138.jpg
fn,I1NLM2154_0010168.jpg
fn,I1NLM2184_0010227.jpg
fn,I1NLM2187_0010169.jpg
fn,I1NLM2196_0010053.jpg
fn,I1NLM2239_0010089.jpg
fn,I1NLM2239_0010096.jpg
fn,I1NLM2239_0010295.jpg
fn,I1NLM2240_0010231.jpg
fn,I1NLM2251_0010139.jpg
fn,I1NLM2306_0010323.jpg
fn,I1NLM2329_0010086.jpg
fn,I1NLM2344_0010115.jpg
fn,I1NLM2377_0010045.jpg
fn,I1NLM2388_0010223.jpg
fn,I1NLM2390_0010209.jpg
fn,I1NLM2400_0010107.jpg
fn,I1NLM2403_0010188.jpg
fn,I1NLM2410_0010091.jpg
fn,I1NLM2460_0010051.jpg
fn,I1NLM2469_0010199.jpg
fn,I1NLM2531_0010121.jpg
fn,I1NLM2540_0010141.jpg
fn,I1NLM2564_0010103.jpg
fn,I1NLM2602_0010288.jpg
fn,I1NLM2603_0010215.jpg
fn,I1NLM2615_0010216.jpg
fn,I1NLM2677_0010177.jpg
fn,I1NLM2714_0010039.jpg
fn,I1NLM2714_0010187.jpg
fn,I1NLM2742_0010300.jpg
fn,I1NLM2745_0010077.jpg
fn,I1NLM2745_0010173.jpg
fn,I1NLM2745_0010241.jpg
fn,I1NLM2745_0010281.jpg
fn,I1NLM2752_0010066.jpg
fn,I1NLM2752_0010110.jpg
fn,I1NLM2752_0010226.jpg
fn,I1NLM2752_0010392.jpg
fn,I1NLM2752_0010458.jpg
fn,I1NLM2752_0010585.jpg
fn,I1NLM2752_0010643.jpg
fn,I1NLM2752_0010823.jpg
fn,I1NLM2752_0011047.jpg
fn,I1NLM2752_0011083.jpg
fn,I1NLM2752_0011337.jpg
fn,I1NLM2752_0011521.jpg
fn,I1NLM2755_0010050.jpg
fn,I1NLM2755_0010064.jpg
fn,I1NLM2755_0010069.jpg
fn,I1NLM2755_0010073.jpg
fn,I1NLM2755_0010075.jpg
fn,I1NLM2755_0010093.jpg
fn,I1NLM2755_0010115.jpg
fn,I1NLM2755_0010116.jpg
fn,I1NLM2755_0010128.jpg
fn,I1NLM2755_0010132.jpg
fn,I1NLM2755_0010137.jpg
fn,I1NLM2755_0010138.jpg
fn,I1NLM2755_0010139.jpg
fn,I1NLM2755_0010145.jpg
fn,I1NLM2755_0010148.jpg
fn,I1NLM2755_0010153.jpg
fn,I1NLM2755_0010158.jpg
fn,I1NLM2755_0010160.jpg
fn,I1NLM2755_0010163.jpg
fn,I1NLM2755_0010167.jpg
fn,I1NLM2755_0010182.jpg
fn,I1NLM2755_0010213.jpg
fn,I1NLM2755_0010218.jpg
fn,I1NLM2755_0010219.jpg
fn,I1NLM2755_0010220.jpg
fn,I1NLM2755_0010222.jpg
fn,I1NLM2755_0010225.jpg
fn,I1NLM2755_0010226.jpg
fn,I1NLM2755_0010230.jpg
fn,I1NLM2755_0010237.jpg
fn,I1NLM2755_0010239.jpg
fn,I1NLM2755_0010241.jpg
fn,I1NLM2755_0010250.jpg
fn,I1NLM2755_0010252.jpg
fn,I1NLM2755_0010254.jpg
fn,I1NLM2755_0010258.jpg
fn,I1NLM2755_0010264.jpg
fn,I1NLM2755_0010265.jpg
fn,I1NLM2755_0010268.jpg
fn,I1NLM2755_0010274.jpg
fn,I1NLM2755_0010277.jpg
fn,I1NLM2755_0010289.jpg
fn,I1NLM2755_0010291.jpg
fn,I1NLM2755_0010295.jpg
fn,I1NLM2755_0010298.jpg
fn,I1NLM2755_0010300.jpg
fn,I1NLM2755_0010301.jpg
fn,I1NLM2755_0010307.jpg
fn,I1NLM2755_0010310.jpg
fn,I1NLM2755_0010316.jpg
fn,I1NLM2755_0010319.jpg
fn,I1NLM2755_0010324.jpg
fn,I1NLM2755_0010366.jpg
fn,I1NLM2755_0010371.jpg
fn,I1NLM2755_0010385.jpg
fn,I1NLM2755_0010391.jpg
fn,I1NLM2755_0010395.jpg
fn,I1NLM2755_0010401.jpg
fn,I1NLM2755_0010416.jpg
fn,I1NLM2755_0010418.jpg
fn,I1NLM2755_0010422.jpg
fn,I1NLM2755_0010423.jpg
fn,I1NLM2755_0010425.jpg
fn,I1NLM2755_0010427.jpg
fn,I1NLM2755_0010429.jpg
fn,I1NLM2755_0010430.jpg
fn,I1NLM2755_0010432.jpg
fn,I1NLM2755_0010442.jpg
fn,I1NLM2755_0010461.jpg
fn,I1NLM2755_0010472.jpg
fn,I1NLM2755_0010474.jpg
fn,I1NLM2755_0010477.jpg
fn,I1NLM2755_0010482.jpg
fn,I1NLM2755_0010484.jpg
fn,I1NLM2755_0010485.jpg
fn,I1NLM2755_0010487.jpg
fn,I1NLM2755_0010489.jpg
fn,I1NLM2755_0010490.jpg
fn,I1NLM2755_0010491.jpg
fn,I1NLM2755_0010493.jpg
fn,I1NLM2755_0010494.jpg
fn,I1NLM2755_0010495.jpg
fn,I1NLM2755_0010498.jpg
fn,I1NLM2755_0010501.jpg
fn,I1NLM2755_0010515.jpg
fn,I1NLM2755_0010518.jpg
fn,I1NLM2755_0010526.jpg
fn,I1NLM2755_0010532.jpg
fn,I1NLM2755_0010533.jpg
fn,I1NLM2755_0010555.jpg
fn,I1NLM2755_0010559.jpg
fn,I1NLM2755_0010566.jpg
fn,I1NLM2755_0010574.jpg
fn,I1NLM2755_0010586.jpg
fn,I1NLM2755_0010597.jpg
fn,I1NLM2755_0010599.jpg
fn,I1NLM2755_0010603.jpg
fn,I1NLM2755_0010604.jpg
fn,I1NLM2755_0010605.jpg
fn,I1NLM2755_0010652.jpg
fn,I1NLM2755_0010690.jpg
fn,I1NLM2755_0010694.jpg
fn,I1NLM2755_0010740.jpg
fn,I1NLM2755_0010745.jpg
fn,I1NLM2755_0010748.jpg
fn,I1NLM2755_0010757.jpg
fn,I1NLM2755_0010765.jpg
fn,I1NLM2755_0010767.jpg
fn,I1NLM2755_0010770.jpg
fn,I1NLM2755_0010772.jpg
fn,I1NLM2755_0010793.jpg
fn,I1NLM2755_0010805.jpg
fn,I1NLM2755_0010824.jpg
fn,I1NLM2755_0010834.jpg
fn,I1NLM2755_0010870.jpg
fn,I1NLM2755_0010886.jpg
fn,I1NLM2755_0010889.jpg
fn,I1NLM2755_0010895.jpg
fn,I1NLM2755_0010901.jpg
fn,I1NLM2755_0010903.jpg
fn,I1NLM2755_0010911.jpg
fn,I1NLM2755_0010926.jpg
fn,I1NLM2755_0010932.jpg
fn,I1NLM2755_0010946.jpg
fn,I1NLM2755_0010956.jpg
fn,I1NLM2755_0011110.jpg
fn,I1NLM2755_0011183.jpg
fn,I1NLM2763_0010207.jpg
fn,I1NLM2764_0010135.jpg
fn,I1NLM2764_0010276.jpg
fn,I1NLM2764_0010301.jpg
fn,I1NLM2764_0010356.jpg
fn,I1NLM2764_0010407.jpg
fn,I1NLM2764_0010415.jpg
fn,I1NLM2764_0010422.jpg
fn,I1NLM2764_0010427.jpg
fn,I1NLM2764_0010443.jpg
fn,I1NLM2764_0010599.jpg
fn,I1NLM2764_0010613.jpg
fn,I1NLM2764_0010623.jpg
fn,I1NLM2764_0010715.jpg
fn,I1NLM2764_0010720.jpg
fn,I1NLM2764_0010723.jpg
fn,I1NLM2764_0010724.jpg
fn,I1NLM2765_0010025.jpg
fn,I1NLM2765_0010034.jpg
fn,I1NLM2765_0010038.jpg
fn,I1NLM2765_0010040.jpg
fn,I1NLM2765_0010041.jpg
fn,I1NLM2765_0010052.jpg
fn,I1NLM2765_0010065.jpg
fn,I1NLM2765_0010066.jpg
fn,I1NLM2765_0010075.jpg
fn,I1NLM2765_0010078.jpg
fn,I1NLM2765_0010081.jpg
fn,I1NLM2765_0010082.jpg
fn,I1NLM2765_0010087.jpg
fn,I1NLM2765_0010089.jpg
fn,I1NLM2765_0010096.jpg
fn,I1NLM2765_0010097.jpg
fn,I1NLM2765_0010098.jpg
fn,I1NLM2765_0010101.jpg
fn,I1NLM2765_0010110.jpg
fn,I1NLM2765_0010130.jpg
fn,I1NLM2765_0010133.jpg
fn,I1NLM2765_0010134.jpg
fn,I1NLM2765_0010135.jpg
fn,I1NLM2765_0010136.jpg
fn,I1NLM2765_0010138.jpg
fn,I1NLM2765_0010142.jpg
fn,I1NLM2765_0010146.jpg
fn,I1NLM2765_0010148.jpg
fn,I1NLM2765_0010149.jpg
fn,I1NLM2765_0010155.jpg
fn,I1NLM2765_0010156.jpg
fn,I1NLM2765_0010157.jpg
fn,I1NLM2765_0010160.jpg
fn,I1NLM2765_0010161.jpg
fn,I1NLM2765_0010163.jpg
fn,I1NLM2765_0010164.jpg
fn,I1NLM2765_0010166.jpg
fn,I1NLM2765_0010169.jpg
fn,I1NLM2765_0010171.jpg
fn,I1NLM2765_0010179.jpg
fn,I1NLM2765_0010180.jpg
fn,I1NLM2765_0010184.jpg
fn,I1NLM2765_0010185.jpg
fn,I1NLM2765_0010187.jpg
fn,I1NLM2765_0010188.jpg
fn,I1NLM2765_0010191.jpg
fn,I1NLM2765_0010192.jpg
fn,I1NLM2765_0010197.jpg
fn,I1NLM2765_0010199.jpg
fn,I1NLM2765_0010203.jpg
fn,I1NLM2765_0010226.jpg
fn,I1NLM2765_0010231.jpg
fn,I1NLM2765_0010234.jpg
fn,I1NLM2765_0010242.jpg
fn,I1NLM2765_0010245.jpg
fn,I1NLM2765_0010247.jpg
fn,I1NLM2765_0010251.jpg
fn,I1NLM2765_0010261.jpg
fn,I1NLM2765_0010262.jpg
fn,I1NLM2765_0010265.jpg
fn,I1NLM2765_0010267.jpg
fn,I1NLM2765_0010268.jpg
fn,I1NLM2765_0010269.jpg
fn,I1NLM2765_0010270.jpg
fn,I1NLM2765_0010271.jpg
fn,I1NLM2765_0010277.jpg
fn,I1NLM2765_0010289.jpg
fn,I1NLM2765_0010295.jpg
fn,I1NLM2765_0010296.jpg
fn,I1NLM2765_0010298.jpg
fn,I1NLM2765_0010301.jpg
fn,I1NLM2765_0010302.jpg
fn,I1NLM2765_0010304.jpg
fn,I1NLM2765_0010305.jpg
fn,I1NLM2765_0010306.jpg
fn,I1NLM2765_0010307.jpg
fn,I1NLM2765_0010308.jpg
fn,I1NLM2765_0010310.jpg
fn,I1NLM2765_0010312.jpg
fn,I1NLM2765_0010321.jpg
fn,I1NLM2765_0010324.jpg
fn,I1NLM2765_0010329.jpg
fn,I1NLM2765_0010333.jpg
fn,I1NLM2765_0010348.jpg
fn,I1NLM2765_0010350.jpg
fn,I1NLM2765_0010355.jpg
fn,I1NLM2765_0010360.jpg
fn,I1NLM2765_0010362.jpg
fn,I1NLM2765_0010367.jpg
fn,I1NLM2765_0010370.jpg
fn,I1NLM2765_0010374.jpg
fn,I1NLM2765_0010375.jpg
fn,I1NLM2765_0010386.jpg
fn,I1NLM2765_0010420.jpg
fn,I1NLM2765_0010447.jpg
fn,I1NLM2765_0010482.jpg
fn,I1NLM2765_0010485.jpg
fn,I1NLM2765_0010487.jpg
fn,I1NLM2765_0010499.jpg
fn,I1NLM2765_0010500.jpg
fn,I1NLM2765_0010504.jpg
fn,I1NLM2765_0010518.jpg
fn,I1NLM2765_0010526.jpg
fn,I1NLM2765_0010535.jpg
fn,I1NLM2765_0010545.jpg
fn,I1NLM2765_0010566.jpg
fn,I1NLM2765_0010577.jpg
fn,I1NLM2765_0010579.jpg
fn,I1NLM2765_0010587.jpg
fn,I1NLM2765_0010588.jpg
fn,I1NLM2765_0010594.jpg
fn,I1NLM2765_0010607.jpg
fn,I1NLM2765_0010616.jpg
fn,I1NLM2765_0010623.jpg
fn,I1NLM2765_0010649.jpg
fn,I1NLM2765_0010664.jpg
fn,I1NLM2765_0010666.jpg
fn,I1NLM2765_0010667.jpg
fn,I1NLM2765_0010669.jpg
fn,I1NLM2765_0010676.jpg
fn,I1NLM2765_0010678.jpg
fn,I1NLM2765_0010693.jpg
fn,I1NLM2765_0010696.jpg
fn,I1NLM2765_0010701.jpg
fn,I1NLM2765_0010707.jpg
fn,I1NLM2765_0010714.jpg
fn,I1NLM2765_0010757.jpg
fn,I1NLM2765_0010758.jpg
fn,I1NLM2765_0010759.jpg
fn,I1NLM2767_0010670.jpg
fn,I1NLM2769_0010131.jpg
fn,I1NLM2769_0010132.jpg
fn,I1NLM2769_0010156.jpg
fn,I1NLM2769_0010182.jpg
fn,I1NLM2769_0010264.jpg
fn,I1NLM2769_0010308.jpg
fn,I1NLM2769_0010311.jpg
fn,I1NLM2769_0010334.jpg
fn,I1NLM2769_0010356.jpg
fn,I1NLM2769_0010359.jpg
fn,I1NLM2769_0010391.jpg
fn,I1NLM2769_0010506.jpg
fn,I1NLM2769_0010507.jpg
fn,I1NLM2769_0010508.jpg
fn,I1NLM2769_0010546.jpg
fn,I1NLM2770_0010067.jpg
fn,I1NLM2770_0010196.jpg
fn,I1NLM2770_0010339.jpg
fn,I1NLM2770_0010341.jpg
fn,I1NLM2770_0010421.jpg
fn,I1NLM2770_0010551.jpg
fn,I1NLM2770_0010653.jpg
fn,I1NLM2777_0010191.jpg
fn,I1NLM2789_0010021.jpg
fn,I1NLM2808_0010131.jpg
fn,I1NLM2809_0010237.jpg
fn,I1NLM2809_0010239.jpg
fn,I1NLM2809_0010241.jpg
fn,I1NLM2813_0010189.jpg
fn,I1NLM2932_0010014.jpg
fn,I1NLM2939_0010159.jpg
fn,I1NLM2975_0010050.jpg
fn,I1NLM2979_0010003.jpg
fn,I1NLM30_0010361.jpg
fn,I1NLM3011_0010162.jpg
fn,I1NLM3049_0010109.jpg
fn,I1NLM3056_0010416.jpg
fn,I1NLM3056_0010588.jpg
fn,I1NLM3088_0010235.jpg
fn,I1NLM3089_0010335.jpg
fn,I1NLM3089_0010338.jpg
fn,I1NLM3123_0010023.jpg
fn,I1NLM3123_0010056.jpg
fn,I1NLM3270_0010209.jpg
fn,I1NLM3308_0010145.jpg
fn,I1NLM3358_0010193.jpg
fn,I1NLM3408_0010058.jpg
fn,I1NLM3439_0010075.jpg
fn,I1NLM3439_0010102.jpg
fn,I1NLM3439_0010113.jpg
fn,I1NLM3439_0010136.jpg
fn,I1NLM3439_0010149.jpg
fn,I1NLM3439_0010203.jpg
fn,I1NLM3484_0010181.jpg
fn,I1NLM3487_0010029.jpg
fn,I1NLM3488_0010242.jpg
fn,I1NLM3490_0010055.jpg
fn,I1NLM3509_0010125.jpg
fn,I1NLM3581_0010389.jpg
fn,I1NLM3585_0010131.jpg
fn,I1NLM3587_0010181.jpg
fn,I1NLM3587_0010201.jpg
fn,I1NLM362_0010135.jpg
fn,I1NLM3629_0010169.jpg
fn,I1NLM3636_0010142.jpg
fn,I1NLM3640_0010195.jpg
fn,I1NLM3704_0010195.jpg
fn,I1NLM3707_0010047.jpg
fn,I1NLM3708_0010065.jpg
fn,I1NLM3708_0010067.jpg
fn,I1NLM3717_0010050.jpg
fn,I1NLM3738_0010256.jpg
fn,I1NLM375_0010345.jpg
fn,I1NLM3778_0010066.jpg
fn,I1NLM3799_0010051.jpg
fn,I1NLM3799_0010052.jpg
fn,I1NLM3799_0010056.jpg
fn,I1NLM3819_0010245.jpg
fn,I1NLM3829_0010167.jpg
fn,I1NLM3834_0010095.jpg
fn,I1NLM3858_0010229.jpg
fn,I1NLM3867_0010065.jpg
fn,I1NLM3917_0010197.jpg
fn,I1NLM392_0010223.jpg
fn,I1NLM392_0010279.jpg
fn,I1NLM399_0010208.jpg
fn,I1NLM3990_0010124.jpg
fn,I1NLM3990_0010126.jpg
fn,I1NLM3990_0010136.jpg
fn,I1NLM4006_0010071.jpg
fn,I1NLM4018_0010163.jpg
fn,I1NLM4021_0010205.jpg
fn,I1NLM4033_0010297.jpg
fn,I1NLM4092_0010246.jpg
fn,I1NLM412_0010127.jpg
fn,I1NLM4146_0010060.jpg
fn,I1NLM4175_0010095.jpg
fn,I1NLM4177_0010293.jpg
fn,I1NLM4196_0010238.jpg
fn,I1NLM4238_0010183.jpg
fn,I1NLM4259_0010276.jpg
fn,I1NLM4315_0010165.jpg
fn,I1NLM4330_0010192.jpg
fn,I1NLM4403_0010271.jpg
fn,I1NLM4414_0010157.jpg
fn,I1NLM4458_0010220.jpg
fn,I1NLM4478_0010279.jpg
fn,I1NLM4486_0010151.jpg
fn,I1NLM4487_0010128.jpg
fn,I1NLM4487_0010145.jpg
fn,I1NLM4487_0010495.jpg
fn,I1NLM4487_0010698.jpg
fn,I1NLM4488_0010065.jpg
fn,I1NLM4493_0010252.jpg
fn,I1NLM4543_0010169.jpg
fn,I1NLM4546_0010055.jpg
fn,I1NLM4547_0010033.jpg
fn,I1NLM4557_0010130.jpg
fn,I1NLM4578_0010206.jpg
fn,I1NLM4582_0010278.jpg
fn,I1NLM4592_0010293.jpg
fn,I1NLM4594_0010187.jpg
fn,I1NLM4594_0010241.jpg
fn,I1NLM4604_0010239.jpg
fn,I1NLM4618_0010089.jpg
fn,I1NLM4619_0010267.jpg
fn,I1NLM4667_0010109.jpg
fn,I1NLM4671_0010101.jpg
fn,I1NLM4672_0010245.jpg
fn,I1NLM4674_0010283.jpg
fn,I1NLM4675_0010131.jpg
fn,I1NLM4676_0010230.jpg
fn,I1NLM4689_0010090.jpg
fn,I1NLM4689_0010162.jpg
fn,I1NLM4694_0010218.jpg
fn,I1NLM4731_0010277.jpg
fn,I1NLM4743_0010079.jpg
fn,I1NLM4743_0010119.jpg
fn,I1NLM4743_0010247.jpg
fn,I1NLM4743_0010263.jpg
fn,I1NLM4743_0010315.jpg
fn,I1NLM4743_0010481.jpg
fn,I1NLM4743_0010487.jpg
fn,I1NLM4743_0010499.jpg
fn,I1NLM4743_0010509.jpg
fn,I1NLM4743_0010533.jpg
fn,I1NLM4743_0010555.jpg
fn,I1NLM4764_0010157.jpg
fn,I1NLM4774_0010314.jpg
fn,I1NLM4788_0010258.jpg
fn,I1NLM4803_0010188.jpg
fn,I1NLM4807_0010225.jpg
fn,I1NLM4810_0010143.jpg
fn,I1NLM4811_0010203.jpg
fn,I1NLM4814_0010063.jpg
fn,I1NLM4814_0010083.jpg
fn,I1NLM4814_0010105.jpg
fn,I1NLM4814_0010111.jpg
fn,I1NLM4814_0010149.jpg
fn,I1NLM4814_0010171.jpg
fn,I1NLM4814_0010237.jpg
fn,I1NLM4815_0010167.jpg
fn,I1NLM4816_0010023.jpg
fn,I1NLM4824_0010191.jpg
fn,I1NLM4826_0010200.jpg
fn,I1NLM4828_0010070.jpg
fn,I1NLM4830_0010319.jpg
fn,I1NLM4834_0010030.jpg
fn,I1NLM4834_0010090.jpg
fn,I1NLM4834_0010168.jpg
fn,I1NLM4834_0010230.jpg
fn,I1NLM4834_0010238.jpg
fn,I1NLM4838_0010254.jpg
fn,I1NLM4840_0010239.jpg
fn,I1NLM4840_0010291.jpg
fn,I1NLM4852_0010380.jpg
fn,I1NLM4859_0010245.jpg
fn,I1NLM4862_0010261.jpg
fn,I1NLM4873_0010218.jpg
fn,I1NLM4889_0010097.jpg
fn,I1NLM4895_0010407.jpg
fn,I1NLM4897_0010103.jpg
fn,I1NLM4911_0010142.jpg
fn,I1NLM4913_0010251.jpg
fn,I1NLM4919_0010227.jpg
fn,I1NLM4919_0010229.jpg
fn,I1NLM4924_0010283.jpg
fn,I1NLM4925_0010227.jpg
fn,I1NLM4926_0010341.jpg
fn,I1NLM4934_0010059.jpg
fn,I1NLM4934_0010061.jpg
fn,I1NLM4936_0010215.jpg
fn,I1NLM4943_0010281.jpg
fn,I1NLM4945_0010197.jpg
fn,I1NLM4948_0010175.jpg
fn,I1NLM4961_0010093.jpg
fn,I1NLM4966_0010211.jpg
fn,I1NLM4970_0010269.jpg
fn,I1NLM4971_0010803.jpg
fn,I1NLM4977_0010194.jpg
fn,I1NLM4980_0010198.jpg
fn,I1NLM4986_0010154.jpg
fn,I1NLM4994_0010093.jpg
fn,I1NLM4994_0010271.jpg
fn,I1NLM4996_0010291.jpg
fn,I1NLM4997_0010199.jpg
fn,I1NLM5002_0010199.jpg
fn,I1NLM5002_0010227.jpg
fn,I1NLM5004_0010171.jpg
fn,I1NLM5005_0010173.jpg
fn,I1NLM5007_0010175.jpg
fn,I1NLM5008_0010049.jpg
fn,I1NLM5008_0011099.jpg
fn,I1NLM5010_0010193.jpg
fn,I1NLM5023_0010197.jpg
fn,I1NLM5024_0010287.jpg
fn,I1NLM5028_0010059.jpg
fn,I1NLM5063_0010141.jpg
fn,I1NLM5075_0010132.jpg
fn,I1NLM5078_0010073.jpg
fn,I1NLM5079_0010081.jpg
fn,I1NLM5083_0010291.jpg
fn,I1NLM5084_0010397.jpg
fn,I1NLM5089_0010235.jpg
fn,I1NLM5089_0010261.jpg
fn,I1NLM5091_0010185.jpg
fn,I1NLM5093_0010341.jpg
fn,I1NLM5095_0010279.jpg
fn,I1NLM5103_0010145.jpg
fn,I1NLM5103_0010294.jpg
fn,I1NLM5109_0010345.jpg
fn,I1NLM5112_0010163.jpg
fn,I1NLM5112_0010283.jpg
fn,I1NLM5137_0010297.jpg
fn,I1NLM5152_0010183.jpg
fn,I1NLM5154_0010311.jpg
fn,I1NLM5155_0010181.jpg
fn,I1NLM5156_0010068.jpg
fn,I1NLM5156_0010244.jpg
fn,I1NLM5163_0010297.jpg
fn,I1NLM5166_0010067.jpg
fn,I1NLM5190_0010222.jpg
fn,I1NLM5194_0010324.jpg
fn,I1NLM5207_0010253.jpg
fn,I1NLM5208_0010354.jpg
fn,I1NLM5208_0010407.jpg
fn,I1NLM5208_0010441.jpg
fn,I1NLM5208_0010445.jpg
fn,I1NLM5208_0010451.jpg
fn,I1NLM5210_0010136.jpg
fn,I1NLM5218_0010239.jpg
fn,I1NLM5220_0010416.jpg
fn,I1NLM5229_0010245.jpg
fn,I1NLM523_0010338.jpg
fn,I1NLM5234_0010352.jpg
fn,I1NLM5237_0010105.jpg
fn,I1NLM5237_0010122.jpg
fn,I1NLM5239_0010385.jpg
fn,I1NLM5241_0010158.jpg
fn,I1NLM5243_0010241.jpg
fn,I1NLM5253_0010077.jpg
fn,I1NLM5254_0010149.jpg
fn,I1NLM5255_0010198.jpg
fn,I1NLM5257_0010213.jpg
fn,I1NLM5261_0010249.jpg
fn,I1NLM5270_0010100.jpg
fn,I1NLM5293_0010085.jpg
fn,I1NLM5297_0010143.jpg
fn,I1NLM5301_0010287.jpg
fn,I1NLM5317_0010117.jpg
fn,I1NLM5317_0010122.jpg
fn,I1NLM5317_0010133.jpg
fn,I1NLM5317_0010146.jpg
fn,I1NLM5319_0010247.jpg
fn,I1NLM5319_0010274.jpg
fn,I1NLM5319_0010292.jpg
fn,I1NLM5320_0010291.jpg
fn,I1NLM5331_0010182.jpg
fn,I1NLM5340_0010453.jpg
fn,I1NLM5350_0010247.jpg
fn,I1NLM5388_0010216.jpg
fn,I1NLM5388_0010322.jpg
fn,I1NLM5392_0010050.jpg
fn,I1NLM5392_0010144.jpg
fn,I1NLM5399_0010159.jpg
fn,I1NLM5406_0010070.jpg
fn,I1NLM5413_0010092.jpg
fn,I1NLM5417_0010069.jpg
fn,I1NLM5417_0010211.jpg
fn,I1NLM5418_0010282.jpg
fn,I1NLM5419_0010195.jpg
fn,I1NLM5421_0010218.jpg
fn,I1NLM5421_0010230.jpg
fn,I1NLM5439_0010205.jpg
fn,I1NLM5440_0010186.jpg
fn,I1NLM5440_0010217.jpg
fn,I1NLM5440_0010255.jpg
fn,I1NLM5443_0010043.jpg
fn,I1NLM5451_0010253.jpg
fn,I1NLM5475_0010149.jpg
fn,I1NLM5502_0010237.jpg
fn,I1NLM5503_0010287.jpg
fn,I1NLM5520_0010011.jpg
fn,I1NLM5520_0010035.jpg
fn,I1NLM5520_0010071.jpg
fn,I1NLM5523_0010055.jpg
fn,I1NLM5527_0010167.jpg
fn,I1NLM5551_0010219.jpg
fn,I1NLM5556_0010137.jpg
fn,I1NLM5556_0010139.jpg
fn,I1NLM5563_0010161.jpg
fn,I1NLM5564_0010223.jpg
fn,I1NLM5567_0010121.jpg
fn,I1NLM5642_0010008.jpg
fn,I1NLM5642_0010009.jpg
fn,I1NLM5642_0010013.jpg
fn,I1NLM5642_0010025.jpg
fn,I1NLM5642_0010030.jpg
fn,I1NLM5642_0010032.jpg
fn,I1NLM5642_0010258.jpg
fn,I1NLM5643_0010126.jpg
fn,I1NLM5646_0010061.jpg
fn,I1NLM5647_0010090.jpg
fn,I1NLM5647_0010218.jpg
fn,I1NLM5650_0010250.jpg
fn,I1NLM5653_0010250.jpg
fn,I1NLM5663_0010171.jpg
fn,I1NLM5688_0010195.jpg
fn,I1NLM5692_0010258.jpg
fn,I1NLM5696_0010241.jpg
fn,I1NLM5698_0010103.jpg
fn,I1NLM5699_0010046.jpg
fn,I1NLM5713_0010289.jpg
fn,I1NLM5733_0010120.jpg
fn,I1NLM5741_0010371.jpg
fn,I1NLM5747_0010037.jpg
fn,I1NLM5747_0010176.jpg
fn,I1NLM5747_0010179.jpg
fn,I1NLM5747_0010224.jpg
fn,I1NLM5747_0010226.jpg
fn,I1NLM5747_0010227.jpg
fn,I1NLM5747_0010229.jpg
fn,I1NLM5747_0010231.jpg
fn,I1NLM5747_0010333.jpg
fn,I1NLM5747_0010443.jpg
fn,I1NLM5747_0010449.jpg
fn,I1NLM5747_0010455.jpg
fn,I1NLM5747_0010499.jpg
fn,I1NLM5747_0010505.jpg
fn,I1NLM5747_0010517.jpg
fn,I1NLM5747_0010518.jpg
fn,I1NLM5747_0010520.jpg
fn,I1NLM5747_0010521.jpg
fn,I1NLM5747_0010522.jpg
fn,I1NLM5747_0010524.jpg
fn,I1NLM5753_0010091.jpg
fn,I1NLM5759_0010332.jpg
fn,I1NLM5759_0010335.jpg
fn,I1NLM5772_0010182.jpg
fn,I1NLM5772_0010190.jpg
fn,I1NLM5772_0010192.jpg
fn,I1NLM5797_0010107.jpg
fn,I1NLM5818_0010187.jpg
fn,I1NLM5818_0010237.jpg
fn,I1NLM5818_0010247.jpg
fn,I1NLM5819_0010201.jpg
fn,I1NLM5820_0010215.jpg
fn,I1NLM602_0010276.jpg
fn,I1NLM959_0010011.jpg
a,I1NLM1004_0010145.jpg
a,I1NLM1063_0010003.jpg
a,I1NLM110_0010029.jpg
a,I1NLM1107_0010501.jpg
a,I1NLM113_0010177.jpg
a,I1NLM1136_0010084.jpg
a,I1NLM1136_0010094.jpg
a,I1NLM1143_0010191.jpg
a,I1NLM1143_0010193.jpg
a,I1NLM1143_0010199.jpg
a,I1NLM1157_0010066.jpg
a,I1NLM1173_0010189.jpg
a,I1NLM1174_0010249.jpg
a,I1NLM1193_0010044.jpg
a,I1NLM1197_0010197.jpg
a,I1NLM1199_0010063.jpg
a,I1NLM12_0010297.jpg
a,I1NLM1225_0010326.jpg
a,I1NLM1232_0010351.jpg
a,I1NLM1235_0010263.jpg
a,I1NLM1260_0010520.jpg
a,I1NLM1263_0010190.jpg
a,I1NLM131_0010115.jpg
a,I1NLM1315_0010149.jpg
a,I1NLM1315_0010160.jpg
a,I1NLM1315_0010190.jpg
a,I1NLM1315_0010197.jpg
a,I1NLM1319_0010213.jpg
a,I1NLM1320_0010650.jpg
a,I1NLM1326_0010057.jpg
a,I1NLM1327_0010208.jpg
a,I1NLM1339_0010206.jpg
a,I1NLM1344_0010013.jpg
a,I1NLM1344_0010018.jpg
a,I1NLM1344_0010021.jpg
a,I1NLM1344_0010024.jpg
a,I1NLM1344_0010025.jpg
a,I1NLM1344_0010035.jpg
a,I1NLM136_0010080.jpg
a,I1NLM1371_0010152.jpg
a,I1NLM1373_0010167.jpg
a,I1NLM1386_0010244.jpg
a,I1NLM1393_0010153.jpg
a,I1NLM140_0010025.jpg
a,I1NLM1419_0010265.jpg
a,I1NLM1449_0010190.jpg
a,I1NLM145_0010104.jpg
a,I1NLM1458_0010182.jpg
a,I1NLM15_0010258.jpg
a,I1NLM1527_0010258.jpg
a,I1NLM1545_0010378.jpg
a,I1NLM1554_0010105.jpg
a,I1NLM1558_0010275.jpg
a,I1NLM156_0010168.jpg
a,I1NLM1570_0010291.jpg
a,I1NLM1577_0010480.jpg
a,I1NLM1582_0010146.jpg
a,I1NLM1588_0010050.jpg
a,I1NLM1605_0010100.jpg
a,I1NLM1605_0010130.jpg
a,I1NLM1605_0010131.jpg
a,I1NLM1605_0010274.jpg
a,I1NLM1639_0010119.jpg
a,I1NLM1639_0010143.jpg
a,I1NLM1658_0010066.jpg
a,I1NLM1692_0010207.jpg
a,I1NLM1704_0010107.jpg
a,I1NLM1704_0010281.jpg
a,I1NLM1707_0010101.jpg
a,I1NLM1727_0010135.jpg
a,I1NLM1729_0010156.jpg
a,I1NLM173_0010368.jpg
a,I1NLM1734_0010221.jpg
a,I1NLM1746_0010106.jpg
a,I1NLM176_0010123.jpg
a,I1NLM1765_0010157.jpg
a,I1NLM1813_0010122.jpg
a,I1NLM1819_0010212.jpg
a,I1NLM182_0010177.jpg
a,I1NLM182_0010191.jpg
a,I1NLM1831_0010005.jpg
a,I1NLM1836_0010097.jpg
a,I1NLM1837_0010037.jpg
a,I1NLM1850_0010162.jpg
a,I1NLM1850_0010177.jpg
a,I1NLM1854_0010071.jpg
a,I1NLM1863_0010036.jpg
a,I1NLM1867_0010081.jpg
a,I1NLM1873_0010144.jpg
a,I1NLM1882_0010165.jpg
a,I1NLM1888_0010139.jpg
a,I1NLM1892_0010045.jpg
a,I1NLM1894_0010164.jpg
a,I1NLM1894_0010175.jpg
a,I1NLM1894_0010176.jpg
a,I1NLM1894_0010177.jpg
a,I1NLM1894_0010180.jpg
a,I1NLM191_0010229.jpg
a,I1NLM1917_0010161.jpg
a,I1NLM1921_0010134.jpg
a,I1NLM1921_0010139.jpg
a,I1NLM1921_0010160.jpg
a,I1NLM1925_0010200.jpg
a,I1NLM193_0010003.jpg
a,I1NLM1967_0010099.jpg
a,I1NLM1980_0010183.jpg
a,I1NLM1998_0010245.jpg
a,I1NLM2000_0010083.jpg
a,I1NLM2016_0010257.jpg
a,I1NLM202_0010186.jpg
a,I1NLM202_0010348.jpg
a,I1NLM2030_0010350.jpg
a,I1NLM2038_0010116.jpg
a,I1NLM2057_0010267.jpg
a,I1NLM2082_0010178.jpg
a,I1NLM2097_0010112.jpg
a,I1NLM2106_0010203.jpg
a,I1NLM2119_0010022.jpg
a,I1NLM2125_0010094.jpg
a,I1NLM2131_0010255.jpg
a,I1NLM2154_0010049.jpg
a,I1NLM2155_0010157.jpg
a,I1NLM2156_0010153.jpg
a,I1NLM2166_0010231.jpg
a,I1NLM2198_0010033.jpg
a,I1NLM2208_0010129.jpg
a,I1NLM2208_0010135.jpg
a,I1NLM2211_0010020.jpg
a,I1NLM2217_0010143.jpg
a,I1NLM2225_0010227.jpg
a,I1NLM2229_0010214.jpg
a,I1NLM2231_0010042.jpg
a,I1NLM2238_0010200.jpg
a,I1NLM2239_0010287.jpg
a,I1NLM2250_0010112.jpg
a,I1NLM2272_0010147.jpg
a,I1NLM2316_0010195.jpg
a,I1NLM232_0010164.jpg
a,I1NLM2386_0010292.jpg
a,I1NLM241_0010028.jpg
a,I1NLM2421_0010038.jpg
a,I1NLM2445_0010065.jpg
a,I1NLM2446_0010124.jpg
a,I1NLM2450_0010084.jpg
a,I1NLM2453_0010131.jpg
a,I1NLM2464_0010139.jpg
a,I1NLM2465_0010178.jpg
a,I1NLM2470_0010268.jpg
a,I1NLM2477_0010091.jpg
a,I1NLM2477_0010197.jpg
a,I1NLM2481_0010150.jpg
a,I1NLM2487_0010164.jpg
a,I1NLM2487_0010165.jpg
a,I1NLM2518_0010193.jpg
a,I1NLM2549_0010159.jpg
a,I1NLM2550_0010237.jpg
a,I1NLM2563_0010093.jpg
a,I1NLM2569_0010164.jpg
a,I1NLM2572_0010109.jpg
a,I1NLM2586_0010102.jpg
a,I1NLM2586_0010126.jpg
a,I1NLM2588_0010059.jpg
a,I1NLM259_0010213.jpg
a,I1NLM2601_0010110.jpg
a,I1NLM2616_0010159.jpg
a,I1NLM2632_0010062.jpg
a,I1NLM2633_0010218.jpg
a,I1NLM2641_0010121.jpg
a,I1NLM2645_0010041.jpg
a,I1NLM2652_0010152.jpg
a,I1NLM2670_0010124.jpg
a,I1NLM2671_0010036.jpg
a,I1NLM2671_0010039.jpg
a,I1NLM2671_0010041.jpg
a,I1NLM2706_0010188.jpg
a,I1NLM2731_0010495.jpg
a,I1NLM274_0010198.jpg
a,I1NLM2752_0011409.jpg
a,I1NLM2755_0010011.jpg
a,I1NLM2755_0010359.jpg
a,I1NLM2755_0010370.jpg
a,I1NLM2755_0011192.jpg
a,I1NLM2764_0010345.jpg
a,I1NLM2765_0010445.jpg
a,I1NLM2765_0010494.jpg
a,I1NLM2765_0010583.jpg
a,I1NLM2765_0010709.jpg
a,I1NLM2767_0010150.jpg
a,I1NLM2767_0010686.jpg
a,I1NLM2769_0010062.jpg
a,I1NLM2769_0010070.jpg
a,I1NLM2769_0010144.jpg
a,I1NLM2769_0010160.jpg
a,I1NLM2769_0010243.jpg
a,I1NLM2769_0010278.jpg
a,I1NLM2769_0010386.jpg
a,I1NLM2769_0010504.jpg
a,I1NLM2770_0010290.jpg
a,I1NLM2770_0010487.jpg
a,I1NLM2777_0010079.jpg
a,I1NLM2777_0010278.jpg
a,I1NLM2777_0010279.jpg
a,I1NLM2797_0010078.jpg
a,I1NLM2797_0010106.jpg
a,I1NLM2797_0010115.jpg
a,I1NLM2801_0010225.jpg
a,I1NLM2802_0010098.jpg
a,I1NLM2803_0010248.jpg
a,I1NLM2831_0010634.jpg
a,I1NLM2838_0010076.jpg
a,I1NLM2838_0010081.jpg
a,I1NLM2886_0010165.jpg
a,I1NLM2886_0010188.jpg
a,I1NLM2890_0010067.jpg
a,I1NLM2890_0010150.jpg
a,I1NLM2890_0010151.jpg
a,I1NLM2927_0010238.jpg
a,I1NLM2929_0010258.jpg
a,I1NLM293_0010233.jpg
a,I1NLM2943_0010261.jpg
a,I1NLM2957_0010077.jpg
a,I1NLM2969_0010111.jpg
a,I1NLM2973_0010090.jpg
a,I1NLM2976_0010098.jpg
a,I1NLM2988_0010171.jpg
a,I1NLM2998_0010069.jpg
a,I1NLM3_0010245.jpg
a,I1NLM3007_0010071.jpg
a,I1NLM3041_0010167.jpg
a,I1NLM3045_0010110.jpg
a,I1NLM3056_0010580.jpg
a,I1NLM3063_0010079.jpg
a,I1NLM3105_0010160.jpg
a,I1NLM3128_0010091.jpg
a,I1NLM3130_0010222.jpg
a,I1NLM3196_0010256.jpg
a,I1NLM32_0010194.jpg
a,I1NLM3239_0010151.jpg
a,I1NLM3322_0010083.jpg
a,I1NLM3342_0010197.jpg
a,I1NLM3382_0010139.jpg
a,I1NLM3412_0010143.jpg
a,I1NLM3439_0010023.jpg
a,I1NLM3439_0010056.jpg
a,I1NLM3439_0010208.jpg
a,I1NLM3450_0010066.jpg
a,I1NLM3469_0010145.jpg
a,I1NLM3478_0010169.jpg
a,I1NLM3483_0010051.jpg
a,I1NLM3484_0010194.jpg
a,I1NLM3489_0010251.jpg
a,I1NLM3506_0010139.jpg
a,I1NLM351_0010085.jpg
a,I1NLM3515_0010166.jpg
a,I1NLM3519_0010066.jpg
a,I1NLM3529_0010088.jpg
a,I1NLM3535_0010073.jpg
a,I1NLM3577_0010160.jpg
a,I1NLM358_0010399.jpg
a,I1NLM358_0010417.jpg
a,I1NLM358_0010418.jpg
a,I1NLM3598_0010108.jpg
a,I1NLM3641_0010270.jpg
a,I1NLM3659_0010262.jpg
a,I1NLM369_0010395.jpg
a,I1NLM369_0010405.jpg
a,I1NLM3698_0010070.jpg
a,I1NLM3704_0010210.jpg
a,I1NLM3708_0010066.jpg
a,I1NLM3720_0010141.jpg
a,I1NLM3738_0010242.jpg
a,I1NLM3749_0010293.jpg
a,I1NLM3819_0010237.jpg
a,I1NLM3828_0010145.jpg
a,I1NLM3828_0010150.jpg
a,I1NLM3829_0010077.jpg
a,I1NLM383_0010371.jpg
a,I1NLM3842_0010111.jpg
a,I1NLM3844_0010254.jpg
a,I1NLM3874_0010204.jpg
a,I1NLM3880_0010082.jpg
a,I1NLM3880_0010092.jpg
a,I1NLM3885_0010187.jpg
a,I1NLM3900_0010112.jpg
a,I1NLM3900_0010133.jpg
a,I1NLM3922_0010136.jpg
a,I1NLM3922_0010174.jpg
a,I1NLM3932_0010179.jpg
a,I1NLM3947_0010049.jpg
a,I1NLM3956_0010237.jpg
a,I1NLM3976_0010134.jpg
a,I1NLM4003_0010249.jpg
a,I1NLM4033_0010051.jpg
a,I1NLM4037_0010031.jpg
a,I1NLM4039_0010079.jpg
a,I1NLM4082_0010187.jpg
a,I1NLM4085_0010234.jpg
a,I1NLM410_0010062.jpg
a,I1NLM4100_0010299.jpg
a,I1NLM4107_0010130.jpg
a,I1NLM411_0010059.jpg
a,I1NLM411_0010062.jpg
a,I1NLM413_0010294.jpg
a,I1NLM4180_0010182.jpg
a,I1NLM4183_0010051.jpg
a,I1NLM4186_0010111.jpg
a,I1NLM4195_0010334.jpg
a,I1NLM4206_0010053.jpg
a,I1NLM421_0010070.jpg
a,I1NLM4226_0010080.jpg
a,I1NLM4233_0010260.jpg
a,I1NLM4237_0010191.jpg
a,I1NLM4238_0010159.jpg
a,I1NLM4252_0010062.jpg
a,I1NLM4328_0010207.jpg
a,I1NLM4338_0010283.jpg
a,I1NLM4340_0010246.jpg
a,I1NLM435_0010736.jpg
a,I1NLM4357_0010016.jpg
a,I1NLM4367_0010139.jpg
a,I1NLM4379_0010136.jpg
a,I1NLM4379_0010212.jpg
a,I1NLM4393_0010258.jpg
a,I1NLM4399_0010050.jpg
a,I1NLM4399_0010191.jpg
a,I1NLM4402_0010230.jpg
a,I1NLM4452_0010164.jpg
a,I1NLM4454_0010106.jpg
a,I1NLM4481_0010356.jpg
a,I1NLM4501_0010248.jpg
a,I1NLM4507_0010285.jpg
a,I1NLM4508_0010032.jpg
a,I1NLM4521_0010212.jpg
a,I1NLM4536_0010297.jpg
a,I1NLM4543_0010049.jpg
a,I1NLM4546_0010191.jpg
a,I1NLM4546_0010239.jpg
a,I1NLM4552_0010108.jpg
a,I1NLM458_0010094.jpg
a,I1NLM4582_0010286.jpg
a,I1NLM4582_0010292.jpg
a,I1NLM4586_0010146.jpg
a,I1NLM4587_0010099.jpg
a,I1NLM4592_0010255.jpg
a,I1NLM4594_0010143.jpg
a,I1NLM4650_0010039.jpg
a,I1NLM4660_0010225.jpg
a,I1NLM4672_0010248.jpg
a,I1NLM469_0010084.jpg
a,I1NLM4709_0010122.jpg
a,I1NLM4719_0010287.jpg
a,I1NLM4731_0010198.jpg
a,I1NLM4749_0010177.jpg
a,I1NLM4760_0010185.jpg
a,I1NLM4775_0010107.jpg
a,I1NLM4788_0010165.jpg
a,I1NLM4788_0010203.jpg
a,I1NLM4788_0010223.jpg
a,I1NLM4814_0010117.jpg
a,I1NLM4816_0010113.jpg
a,I1NLM4824_0010127.jpg
a,I1NLM4830_0010303.jpg
a,I1NLM4833_0010073.jpg
a,I1NLM4834_0010148.jpg
a,I1NLM4836_0010122.jpg
a,I1NLM4836_0010305.jpg
a,I1NLM4839_0010240.jpg
a,I1NLM4840_0010203.jpg
a,I1NLM4840_0010245.jpg
a,I1NLM4863_0010109.jpg
a,I1NLM4874_0010173.jpg
a,I1NLM4890_0010053.jpg
a,I1NLM4890_0010082.jpg
a,I1NLM4890_0010649.jpg
a,I1NLM4891_0010042.jpg
a,I1NLM4926_0010015.jpg
a,I1NLM4928_0010376.jpg
a,I1NLM4929_0010019.jpg
a,I1NLM4964_0010258.jpg
a,I1NLM4970_0010215.jpg
a,I1NLM4980_0010249.jpg
a,I1NLM4982_0010401.jpg
a,I1NLM4993_0010191.jpg
a,I1NLM5000_0010116.jpg
a,I1NLM5000_0010138.jpg
a,I1NLM5004_0010117.jpg
a,I1NLM5008_0011384.jpg
a,I1NLM5008_0011386.jpg
a,I1NLM5028_0010073.jpg
a,I1NLM5044_0010210.jpg
a,I1NLM5045_0010161.jpg
a,I1NLM5056_0010058.jpg
a,I1NLM5075_0010259.jpg
a,I1NLM5099_0010060.jpg
a,I1NLM51_0010123.jpg
a,I1NLM5103_0010276.jpg
a,I1NLM5137_0010200.jpg
a,I1NLM5137_0010202.jpg
a,I1NLM5154_0010179.jpg
a,I1NLM5155_0010309.jpg
a,I1NLM5166_0010187.jpg
a,I1NLM5166_0010201.jpg
a,I1NLM5166_0010224.jpg
a,I1NLM5190_0010185.jpg
a,I1NLM5190_0010216.jpg
a,I1NLM5190_0010400.jpg
a,I1NLM5194_0010290.jpg
a,I1NLM5216_0010287.jpg
a,I1NLM5216_0010337.jpg
a,I1NLM5234_0010170.jpg
a,I1NLM5234_0010184.jpg
a,I1NLM5241_0010086.jpg
a,I1NLM5241_0010102.jpg
a,I1NLM5241_0010232.jpg
a,I1NLM5243_0010265.jpg
a,I1NLM5243_0010270.jpg
a,I1NLM5243_0010271.jpg
a,I1NLM5243_0010284.jpg
a,I1NLM5243_0010295.jpg
a,I1NLM5270_0010033.jpg
a,I1NLM530_0010208.jpg
a,I1NLM5319_0010183.jpg
a,I1NLM5319_0010191.jpg
a,I1NLM5319_0010195.jpg
a,I1NLM5319_0010224.jpg
a,I1NLM5319_0010289.jpg
a,I1NLM5320_0010018.jpg
a,I1NLM5320_0010038.jpg
a,I1NLM5320_0010146.jpg
a,I1NLM5320_0010179.jpg
a,I1NLM5320_0010195.jpg
a,I1NLM5320_0010200.jpg
a,I1NLM5320_0010202.jpg
a,I1NLM5320_0010204.jpg
a,I1NLM5320_0010218.jpg
a,I1NLM5320_0010226.jpg
a,I1NLM5320_0010230.jpg
a,I1NLM5320_0010243.jpg
a,I1NLM5367_0010174.jpg
a,I1NLM5388_0010124.jpg
a,I1NLM5396_0010061.jpg
a,I1NLM5414_0010157.jpg
a,I1NLM5414_0010270.jpg
a,I1NLM5415_0010195.jpg
a,I1NLM5416_0010229.jpg
a,I1NLM5440_0010197.jpg
a,I1NLM5449_0010188.jpg
a,I1NLM5467_0010277.jpg
a,I1NLM5474_0010117.jpg
a,I1NLM5476_0010042.jpg
a,I1NLM5478_0010017.jpg
a,I1NLM5480_0010282.jpg
a,I1NLM5484_0010097.jpg
a,I1NLM5491_0010301.jpg
a,I1NLM5493_0010168.jpg
a,I1NLM5494_0010231.jpg
a,I1NLM5507_0010250.jpg
a,I1NLM5542_0010318.jpg
a,I1NLM5542_0010360.jpg
a,I1NLM5542_0010375.jpg
a,I1NLM5542_0010381.jpg
a,I1NLM5553_0010086.jpg
a,I1NLM5602_0010013.jpg
a,I1NLM5608_0010197.jpg
a,I1NLM5615_0010062.jpg
a,I1NLM5616_0010307.jpg
a,I1NLM5641_0010253.jpg
a,I1NLM5642_0010029.jpg
a,I1NLM565_0010223.jpg
a,I1NLM5652_0010088.jpg
a,I1NLM5655_0010209.jpg
a,I1NLM5671_0010085.jpg
a,I1NLM5676_0010041.jpg
a,I1NLM5695_0010189.jpg
a,I1NLM5703_0010223.jpg
a,I1NLM5715_0010210.jpg
a,I1NLM572_0010281.jpg
a,I1NLM572_0010376.jpg
a,I1NLM572_0010706.jpg
a,I1NLM572_0010716.jpg
a,I1NLM572_0010736.jpg
a,I1NLM5725_0010161.jpg
a,I1NLM573_0010190.jpg
a,I1NLM5741_0010197.jpg
a,I1NLM5744_0010404.jpg
a,I1NLM5747_0010207.jpg
a,I1NLM5747_0010230.jpg
a,I1NLM5747_0010232.jpg
a,I1NLM5751_0010233.jpg
a,I1NLM5779_0010133.jpg
a,I1NLM5794_0010296.jpg
a,I1NLM5797_0010319.jpg
a,I1NLM5797_0010399.jpg
a,I1NLM582_0010242.jpg
a,I1NLM588_0010233.jpg
a,I1NLM588_0010263.jpg
a,I1NLM588_0010301.jpg
a,I1NLM588_0010305.jpg
a,I1NLM589_0010181.jpg
a,I1NLM606_0010147.jpg
a,I1NLM613_0010132.jpg
a,I1NLM616_0010065.jpg
a,I1NLM634_0010175.jpg
a,I1NLM65_0010068.jpg
a,I1NLM673_0010044.jpg
a,I1NLM673_0010298.jpg
a,I1NLM680_0010032.jpg
a,I1NLM682_0010042.jpg
a,I1NLM682_0010087.jpg
a,I1NLM682_0010176.jpg
a,I1NLM682_0010178.jpg
a,I1NLM691_0010122.jpg
a,I1NLM696_0010265.jpg
a,I1NLM732_0010186.jpg
a,I1NLM754_0010274.jpg
a,I1NLM807_0010163.jpg
a,I1NLM816_0010214.jpg
a,I1NLM849_0010084.jpg
a,I1NLM849_0010209.jpg
a,I1NLM884_0010031.jpg
a,I1NLM884_0010032.jpg
a,I1NLM973_0010118.jpg
a,I1NLM995_0010080.jpg
a,I1NLM995_0010101.jpg
