I1KG13270001.jpg,1,2550,3300
I1KG13270002.jpg,2,2550,3300
I1KG13270003.jpg,3,3274,565
I1KG13270004.jpg,4,3260,565
I1KG13270005.jpg,5,3254,563
I1KG13270006.jpg,6,3257,557
I1KG13270007.jpg,7,3662,632
I1KG13270008.jpg,8,3665,635
I1KG13270009.jpg,9,3656,639
I1KG13270010.jpg,10,3659,643
I1KG13270011.jpg,11,3666,638
I1KG13270012.jpg,12,3651,639
I1KG13270013.jpg,13,3663,639
I1KG13270014.jpg,14,3652,629
I1KG13270015.jpg,15,3645,632
I1KG13270016.jpg,16,3638,632
I1KG13270017.jpg,17,3666,629
I1KG13270018.jpg,18,3648,625
I1KG13270019.jpg,19,3656,640
I1KG13270020.jpg,20,3659,635
I1KG13270021.jpg,21,3652,635
I1KG13270022.jpg,22,3657,643
I1KG13270023.jpg,23,3647,635
I1KG13270024.jpg,24,3649,640
I1KG13270025.jpg,25,3658,646
I1KG13270026.jpg,26,3673,649
I1KG13270027.jpg,27,3603,632
I1KG13270028.jpg,28,3572,639
I1KG13270029.jpg,29,3693,618
I1KG13270030.jpg,30,3658,620
I1KG13270031.jpg,31,3645,642
I1KG13270032.jpg,32,3652,600
I1KG13270033.jpg,33,3634,604
I1KG13270034.jpg,34,3620,624
I1KG13270035.jpg,35,3621,622
I1KG13270036.jpg,36,3603,621
I1KG13270037.jpg,37,3617,636
I1KG13270038.jpg,38,3646,640
I1KG13270039.jpg,39,3645,639
I1KG13270040.jpg,40,3642,642
I1KG13270041.jpg,41,3621,642
I1KG13270042.jpg,42,3606,588
I1KG13270043.jpg,43,3604,581
I1KG13270044.jpg,44,3642,632
I1KG13270045.jpg,45,3620,632
I1KG13270046.jpg,46,3593,636
I1KG13270047.jpg,47,3635,622
I1KG13270048.jpg,48,3628,614
I1KG13270049.jpg,49,3621,632
I1KG13270050.jpg,50,3616,566
I1KG13270051.jpg,51,3624,566
I1KG13270052.jpg,52,3613,626
I1KG13270053.jpg,53,3634,612
I1KG13270054.jpg,54,3596,647
I1KG13270055.jpg,55,3592,636
I1KG13270056.jpg,56,3589,640
I1KG13270057.jpg,57,3602,629
I1KG13270058.jpg,58,3588,635
I1KG13270059.jpg,59,3614,646
I1KG13270060.jpg,60,3593,650
I1KG13270061.jpg,61,3602,632
I1KG13270062.jpg,62,3595,631
I1KG13270063.jpg,63,3596,628
I1KG13270064.jpg,64,3585,639
I1KG13270065.jpg,65,3596,646
I1KG13270066.jpg,66,3596,632
I1KG13270067.jpg,67,3617,639
I1KG13270068.jpg,68,3592,639
I1KG13270069.jpg,69,3589,628
I1KG13270070.jpg,70,3560,629
I1KG13270071.jpg,71,3599,635
I1KG13270072.jpg,72,3599,636
I1KG13270073.jpg,73,3603,639
I1KG13270074.jpg,74,3599,620
I1KG13270075.jpg,75,3614,638
I1KG13270076.jpg,76,3609,632
I1KG13270077.jpg,77,3624,628
I1KG13270078.jpg,78,3605,624
I1KG13270079.jpg,79,3659,642
I1KG13270080.jpg,80,3652,631
I1KG13270081.jpg,81,3574,645
I1KG13270082.jpg,82,3564,642
I1KG13270083.jpg,83,3652,629
I1KG13270084.jpg,84,3627,636
I1KG13270085.jpg,85,3649,628
I1KG13270086.jpg,86,3638,631
I1KG13270087.jpg,87,3662,624
I1KG13270088.jpg,88,3635,643
I1KG13270089.jpg,89,3637,636
I1KG13270090.jpg,90,3630,621
I1KG13270091.jpg,91,3564,642
I1KG13270092.jpg,92,3560,629
I1KG13270093.jpg,93,3609,639
I1KG13270094.jpg,94,3611,639
I1KG13270095.jpg,95,3623,638
I1KG13270096.jpg,96,3619,638
I1KG13270097.jpg,97,3641,645
I1KG13270098.jpg,98,3624,649
I1KG13270099.jpg,99,3658,638
I1KG13270100.jpg,100,3638,628
I1KG13270101.jpg,101,3645,642
I1KG13270102.jpg,102,3617,646
I1KG13270103.jpg,103,3652,635
I1KG13270104.jpg,104,3641,629
I1KG13270105.jpg,105,3620,628
I1KG13270106.jpg,106,3624,635
I1KG13270107.jpg,107,3638,645
I1KG13270108.jpg,108,3602,631
I1KG13270109.jpg,109,3645,638
I1KG13270110.jpg,110,3624,635
I1KG13270111.jpg,111,3618,642
I1KG13270112.jpg,112,3598,635
I1KG13270113.jpg,113,3635,638
I1KG13270114.jpg,114,3623,584
I1KG13270115.jpg,115,3638,635
I1KG13270116.jpg,116,3624,635
I1KG13270117.jpg,117,3655,646
I1KG13270118.jpg,118,3631,642
I1KG13270119.jpg,119,3648,642
I1KG13270120.jpg,120,3638,635
I1KG13270121.jpg,121,3627,643
I1KG13270122.jpg,122,3641,635
I1KG13270123.jpg,123,3663,636
I1KG13270124.jpg,124,3630,636
I1KG13270125.jpg,125,3641,639
I1KG13270126.jpg,126,3630,635
I1KG13270127.jpg,127,3637,646
I1KG13270128.jpg,128,3631,639
I1KG13270129.jpg,129,3641,645
I1KG13270130.jpg,130,3638,642
I1KG13270131.jpg,131,3651,635
I1KG13270132.jpg,132,3624,645
I1KG13270133.jpg,133,3652,642
I1KG13270134.jpg,134,3617,635
I1KG13270135.jpg,135,3652,628
I1KG13270136.jpg,136,3612,646
I1KG13270137.jpg,137,3645,648
I1KG13270138.jpg,138,3610,639
I1KG13270139.jpg,139,3638,639
I1KG13270140.jpg,140,3630,639
I1KG13270141.jpg,141,3641,638
I1KG13270142.jpg,142,3630,621
I1KG13270143.jpg,143,3635,642
I1KG13270144.jpg,144,3628,625
I1KG13270145.jpg,145,3613,649
I1KG13270146.jpg,146,3599,646
I1KG13270147.jpg,147,3648,632
I1KG13270148.jpg,148,3633,638
I1KG13270149.jpg,149,3595,642
I1KG13270150.jpg,150,3593,642
I1KG13270151.jpg,151,3633,639
I1KG13270152.jpg,152,3628,635
I1KG13270153.jpg,153,3630,635
I1KG13270154.jpg,154,3616,628
I1KG13270155.jpg,155,3581,642
I1KG13270156.jpg,156,3586,625
I1KG13270157.jpg,157,3631,628
I1KG13270158.jpg,158,3623,614
I1KG13270159.jpg,159,3619,632
I1KG13270160.jpg,160,3613,646
I1KG13270161.jpg,161,3645,635
I1KG13270162.jpg,162,3627,566
I1KG13270163.jpg,163,3559,635
I1KG13270164.jpg,164,3564,642
I1KG13270165.jpg,165,3645,628
I1KG13270166.jpg,166,3638,639
I1KG13270167.jpg,167,3645,639
I1KG13270168.jpg,168,3627,632
I1KG13270169.jpg,169,3648,625
I1KG13270170.jpg,170,3642,636
I1KG13270171.jpg,171,3648,636
I1KG13270172.jpg,172,3630,639
I1KG13270173.jpg,173,3640,646
I1KG13270174.jpg,174,3612,642
I1KG13270175.jpg,175,3645,632
I1KG13270176.jpg,176,3634,645
I1KG13270177.jpg,177,3648,639
I1KG13270178.jpg,178,3627,635
I1KG13270179.jpg,179,3642,628
I1KG13270180.jpg,180,3641,632
I1KG13270181.jpg,181,3648,642
I1KG13270182.jpg,182,3639,642
I1KG13270183.jpg,183,3624,621
I1KG13270184.jpg,184,3627,619
I1KG13270185.jpg,185,3629,629
I1KG13270186.jpg,186,3632,632
I1KG13270187.jpg,187,3625,650
I1KG13270188.jpg,188,3617,653
I1KG13270189.jpg,189,3652,625
I1KG13270190.jpg,190,3645,632
I1KG13270191.jpg,191,3619,642
I1KG13270192.jpg,192,3604,653
I1KG13270193.jpg,193,3655,650
I1KG13270194.jpg,194,3634,646
I1KG13270195.jpg,195,3655,646
I1KG13270196.jpg,196,3633,643
I1KG13270197.jpg,197,3644,632
I1KG13270198.jpg,198,3631,646
I1KG13270199.jpg,199,3623,650
I1KG13270200.jpg,200,3619,647
I1KG13270201.jpg,201,3631,650
I1KG13270202.jpg,202,3637,639
I1KG13270203.jpg,203,3636,639
I1KG13270204.jpg,204,3641,639
I1KG13270205.jpg,205,3648,645
I1KG13270206.jpg,206,3648,646
I1KG13270207.jpg,207,3637,632
I1KG13270208.jpg,208,3641,631
I1KG13270209.jpg,209,3616,604
I1KG13270210.jpg,210,3595,617
I1KG13270211.jpg,211,3633,631
I1KG13270212.jpg,212,3630,642
I1KG13270213.jpg,213,3650,639
I1KG13270214.jpg,214,3638,638
I1KG13270215.jpg,215,3635,642
I1KG13270216.jpg,216,3637,640
I1KG13270217.jpg,217,3648,643
I1KG13270218.jpg,218,3635,632
I1KG13270219.jpg,219,3631,631
I1KG13270220.jpg,220,3606,639
I1KG13270221.jpg,221,3659,646
I1KG13270222.jpg,222,3638,642
I1KG13270223.jpg,223,3652,638
I1KG13270224.jpg,224,3640,643
I1KG13270225.jpg,225,3654,632
I1KG13270226.jpg,226,3634,618
I1KG13270227.jpg,227,3659,634
I1KG13270228.jpg,228,3635,628
I1KG13270229.jpg,229,3635,639
I1KG13270230.jpg,230,3638,639
I1KG13270231.jpg,231,3638,635
I1KG13270232.jpg,232,3642,642
I1KG13270233.jpg,233,3640,632
I1KG13270234.jpg,234,3648,646
I1KG13270235.jpg,235,3648,642
I1KG13270236.jpg,236,3638,632
I1KG13270237.jpg,237,3628,632
I1KG13270238.jpg,238,3628,642
I1KG13270239.jpg,239,3655,629
I1KG13270240.jpg,240,3647,645
I1KG13270241.jpg,241,3617,632
I1KG13270242.jpg,242,3617,638
I1KG13270243.jpg,243,3648,635
I1KG13270244.jpg,244,3630,635
I1KG13270245.jpg,245,3658,636
I1KG13270246.jpg,246,3627,604
I1KG13270247.jpg,247,3652,618
I1KG13270248.jpg,248,3644,639
I1KG13270249.jpg,249,3662,628
I1KG13270250.jpg,250,3642,632
I1KG13270251.jpg,251,3652,645
I1KG13270252.jpg,252,3637,639
I1KG13270253.jpg,253,3637,639
I1KG13270254.jpg,254,3641,636
I1KG13270255.jpg,255,3637,635
I1KG13270256.jpg,256,3648,625
I1KG13270257.jpg,257,3651,653
I1KG13270258.jpg,258,3645,635
I1KG13270259.jpg,259,3619,632
I1KG13270260.jpg,260,3623,640
I1KG13270261.jpg,261,3641,636
I1KG13270262.jpg,262,3647,635
I1KG13270263.jpg,263,3666,643
I1KG13270264.jpg,264,3640,621
I1KG13270265.jpg,265,3648,635
I1KG13270266.jpg,266,3641,631
I1KG13270267.jpg,267,3640,638
I1KG13270268.jpg,268,3644,639
I1KG13270269.jpg,269,3638,639
I1KG13270270.jpg,270,3631,635
I1KG13270271.jpg,271,3665,645
I1KG13270272.jpg,272,3656,642
I1KG13270273.jpg,273,3645,642
I1KG13270274.jpg,274,3652,632
I1KG13270275.jpg,275,3633,642
I1KG13270276.jpg,276,3638,635
I1KG13270277.jpg,277,3648,638
I1KG13270278.jpg,278,3635,628
I1KG13270279.jpg,279,3641,636
I1KG13270280.jpg,280,3631,639
I1KG13270281.jpg,281,3645,625
I1KG13270282.jpg,282,3651,617
I1KG13270283.jpg,283,3665,646
I1KG13270284.jpg,284,3638,632
I1KG13270285.jpg,285,3648,632
I1KG13270286.jpg,286,3645,633
I1KG13270287.jpg,287,3644,629
I1KG13270288.jpg,288,3620,632
I1KG13270289.jpg,289,3634,635
I1KG13270290.jpg,290,3621,624
I1KG13270291.jpg,291,3645,632
I1KG13270292.jpg,292,3624,646
I1KG13270293.jpg,293,3652,642
I1KG13270294.jpg,294,3641,635
I1KG13270295.jpg,295,3654,649
I1KG13270296.jpg,296,3624,638
I1KG13270297.jpg,297,3648,635
I1KG13270298.jpg,298,3634,649
I1KG13270299.jpg,299,3620,625
I1KG13270300.jpg,300,3616,636
I1KG13270301.jpg,301,3631,645
I1KG13270302.jpg,302,3613,646
I1KG13270303.jpg,303,3641,643
I1KG13270304.jpg,304,3623,618
I1KG13270305.jpg,305,3656,628
I1KG13270306.jpg,306,3641,632
I1KG13270307.jpg,307,3635,647
I1KG13270308.jpg,308,3647,636
I1KG13270309.jpg,309,3652,618
I1KG13270310.jpg,310,3621,631
I1KG13270311.jpg,311,3637,635
I1KG13270312.jpg,312,3648,642
I1KG13270313.jpg,313,3631,632
I1KG13270314.jpg,314,3606,605
I1KG13270315.jpg,315,3644,608
I1KG13270316.jpg,316,3637,636
I1KG13270317.jpg,317,3641,650
I1KG13270318.jpg,318,3638,635
I1KG13270319.jpg,319,3640,629
I1KG13270320.jpg,320,3631,632
I1KG13270321.jpg,321,3645,628
I1KG13270322.jpg,322,3624,646
I1KG13270323.jpg,323,3621,645
I1KG13270324.jpg,324,3610,636
I1KG13270325.jpg,325,3652,642
I1KG13270326.jpg,326,3645,649
I1KG13270327.jpg,327,3637,621
I1KG13270328.jpg,328,3634,635
I1KG13270329.jpg,329,3656,638
I1KG13270330.jpg,330,3613,635
I1KG13270331.jpg,331,3642,639
I1KG13270332.jpg,332,3627,645
I1KG13270333.jpg,333,3654,642
I1KG13270334.jpg,334,3621,638
I1KG13270335.jpg,335,3628,638
I1KG13270336.jpg,336,3617,631
I1KG13270337.jpg,337,3638,632
I1KG13270338.jpg,338,3633,635
I1KG13270339.jpg,339,3623,642
I1KG13270340.jpg,340,3610,639
I1KG13270341.jpg,341,3607,635
I1KG13270342.jpg,342,3620,649
I1KG13270343.jpg,343,3644,643
I1KG13270344.jpg,344,3644,614
I1KG13270345.jpg,345,3644,646
I1KG13270346.jpg,346,3652,635
I1KG13270347.jpg,347,3652,635
I1KG13270348.jpg,348,3635,632
I1KG13270349.jpg,349,3638,632
I1KG13270350.jpg,350,3652,636
I1KG13270351.jpg,351,3647,646
I1KG13270352.jpg,352,3644,638
I1KG13270353.jpg,353,3658,645
I1KG13270354.jpg,354,3656,632
I1KG13270355.jpg,355,3645,631
I1KG13270356.jpg,356,3628,639
I1KG13270357.jpg,357,3641,642
I1KG13270358.jpg,358,3645,632
I1KG13270359.jpg,359,3643,635
I1KG13270360.jpg,360,3642,635
I1KG13270361.jpg,361,3634,639
I1KG13270362.jpg,362,3617,588
I1KG13270363.jpg,363,3627,559
I1KG13270364.jpg,364,3618,626
I1KG13270365.jpg,365,3642,632
I1KG13270366.jpg,366,3644,638
I1KG13270367.jpg,367,3669,635
I1KG13270368.jpg,368,3630,642
I1KG13270369.jpg,369,3649,635
I1KG13270370.jpg,370,3627,635
I1KG13270371.jpg,371,3660,639
I1KG13270372.jpg,372,3634,635
I1KG13270373.jpg,373,3646,629
I1KG13270374.jpg,374,3642,631
I1KG13270375.jpg,375,3646,631
I1KG13270376.jpg,376,3631,635
I1KG13270377.jpg,377,3666,645
I1KG13270378.jpg,378,3637,635
I1KG13270379.jpg,379,3649,629
I1KG13270380.jpg,380,3647,632
I1KG13270381.jpg,381,3652,628
I1KG13270382.jpg,382,3638,628
I1KG13270383.jpg,383,3649,628
I1KG13270384.jpg,384,3627,622
I1KG13270385.jpg,385,3649,638
I1KG13270386.jpg,386,3655,621
I1KG13270387.jpg,387,3645,615
I1KG13270388.jpg,388,3639,635
I1KG13270389.jpg,389,3638,625
I1KG13270390.jpg,390,3617,629
I1KG13270391.jpg,391,3638,632
I1KG13270392.jpg,392,3641,613
I1KG13270393.jpg,393,3630,614
I1KG13270394.jpg,394,3634,617
I1KG13270395.jpg,395,3641,625
I1KG13270396.jpg,396,3635,632
I1KG13270397.jpg,397,3638,625
I1KG13270398.jpg,398,3617,618
I1KG13270399.jpg,399,3652,635
I1KG13270400.jpg,400,3635,604
I1KG13270401.jpg,401,3645,600
I1KG13270402.jpg,402,3638,625
I1KG13270403.jpg,403,3635,625
I1KG13270404.jpg,404,3648,618
I1KG13270405.jpg,405,3649,628
I1KG13270406.jpg,406,3641,628
I1KG13270407.jpg,407,3635,638
I1KG13270408.jpg,408,3634,630
I1KG13270409.jpg,409,3638,629
I1KG13270410.jpg,410,3624,638
I1KG13270411.jpg,411,3655,639
I1KG13270412.jpg,412,3635,625
I1KG13270413.jpg,413,3640,631
I1KG13270414.jpg,414,3655,632
I1KG13270415.jpg,415,3642,628
I1KG13270416.jpg,416,3633,632
I1KG13270417.jpg,417,3641,621
I1KG13270418.jpg,418,3634,611
I1KG13270419.jpg,419,3670,639
I1KG13270420.jpg,420,3638,629
I1KG13270421.jpg,421,3652,638
I1KG13270422.jpg,422,3642,635
I1KG13270423.jpg,423,3663,639
I1KG13270424.jpg,424,3635,632
I1KG13270425.jpg,425,3649,636
I1KG13270426.jpg,426,3628,635
I1KG13270427.jpg,427,3645,635
I1KG13270428.jpg,428,3640,635
I1KG13270429.jpg,429,3680,645
I1KG13270430.jpg,430,3645,635
I1KG13270431.jpg,431,3659,639
I1KG13270432.jpg,432,3631,631
I1KG13270433.jpg,433,3638,634
I1KG13270434.jpg,434,3645,614
I1KG13270435.jpg,435,3652,629
I1KG13270436.jpg,436,3635,636
I1KG13270437.jpg,437,3645,628
I1KG13270438.jpg,438,3638,639
I1KG13270439.jpg,439,3652,622
I1KG13270440.jpg,440,3620,643
I1KG13270441.jpg,441,3644,639
I1KG13270442.jpg,442,3635,642
I1KG13270443.jpg,443,3638,636
I1KG13270444.jpg,444,3631,632
I1KG13270445.jpg,445,3645,638
I1KG13270446.jpg,446,3610,635
I1KG13270447.jpg,447,3630,622
I1KG13270448.jpg,448,3595,604
I1KG13270449.jpg,449,3627,618
I1KG13270450.jpg,450,3609,615
I1KG13270451.jpg,451,3655,649
I1KG13270452.jpg,452,3631,636
I1KG13270453.jpg,453,3638,650
I1KG13270454.jpg,454,3619,638
I1KG13270455.jpg,455,3631,631
I1KG13270456.jpg,456,3627,615
I1KG13270457.jpg,457,3659,642
I1KG13270458.jpg,458,3642,639
I1KG13270459.jpg,459,3631,646
I1KG13270460.jpg,460,3617,642
I1KG13270461.jpg,461,3666,628
I1KG13270462.jpg,462,3618,629
I1KG13270463.jpg,463,3627,639
I1KG13270464.jpg,464,3614,649
I1KG13270465.jpg,465,3642,646
I1KG13270466.jpg,466,3613,632
I1KG13270467.jpg,467,3642,642
I1KG13270468.jpg,468,3638,640
I1KG13270469.jpg,469,3670,635
I1KG13270470.jpg,470,3638,659
I1KG13270471.jpg,471,3680,640
I1KG13270472.jpg,472,3666,631
