I1GS1355350001.jpg,1,2550,3300
I1GS1355350002.jpg,2,2550,3300
I1GS1355350003.jpg,3,3660,629
I1GS1355350004.jpg,4,3649,612
I1GS1355350005.jpg,5,3690,629
I1GS1355350006.jpg,6,3667,611
I1GS1355350007.jpg,7,3667,601
I1GS1355350008.jpg,8,3668,623
I1GS1355350009.jpg,9,3669,616
I1GS1355350010.jpg,10,3662,614
I1GS1355350011.jpg,11,3638,629
I1GS1355350012.jpg,12,3663,624
I1GS1355350013.jpg,13,3653,617
I1GS1355350014.jpg,14,3660,641
I1GS1355350015.jpg,15,3675,645
I1GS1355350016.jpg,16,3660,630
I1GS1355350017.jpg,17,3650,608
I1GS1355350018.jpg,18,3633,629
I1GS1355350019.jpg,19,3656,629
I1GS1355350020.jpg,20,3682,629
I1GS1355350021.jpg,21,3682,650
I1GS1355350022.jpg,22,3680,619
I1GS1355350023.jpg,23,3663,638
I1GS1355350024.jpg,24,3674,642
I1GS1355350025.jpg,25,3666,641
I1GS1355350026.jpg,26,3666,628
I1GS1355350027.jpg,27,3674,642
I1GS1355350028.jpg,28,3664,638
I1GS1355350029.jpg,29,3680,639
I1GS1355350030.jpg,30,3665,622
I1GS1355350031.jpg,31,3656,622
I1GS1355350032.jpg,32,3646,635
I1GS1355350033.jpg,33,3649,634
I1GS1355350034.jpg,34,3671,642
I1GS1355350035.jpg,35,3666,630
I1GS1355350036.jpg,36,3657,639
I1GS1355350037.jpg,37,3620,649
I1GS1355350038.jpg,38,3658,639
I1GS1355350039.jpg,39,3658,653
I1GS1355350040.jpg,40,3663,644
I1GS1355350041.jpg,41,3669,643
I1GS1355350042.jpg,42,3702,643
I1GS1355350043.jpg,43,3665,563
I1GS1355350044.jpg,44,3657,630
I1GS1355350045.jpg,45,3686,620
I1GS1355350046.jpg,46,3683,633
I1GS1355350047.jpg,47,3658,627
I1GS1355350048.jpg,48,3684,643
I1GS1355350049.jpg,49,3646,618
I1GS1355350050.jpg,50,3652,621
I1GS1355350051.jpg,51,3617,625
I1GS1355350052.jpg,52,3638,635
I1GS1355350053.jpg,53,3645,646
I1GS1355350054.jpg,54,3637,636
I1GS1355350055.jpg,55,3633,629
I1GS1355350056.jpg,56,3660,632
I1GS1355350057.jpg,57,3617,623
I1GS1355350058.jpg,58,3609,629
I1GS1355350059.jpg,59,3647,626
I1GS1355350060.jpg,60,3650,624
I1GS1355350061.jpg,61,3641,619
I1GS1355350062.jpg,62,3641,613
I1GS1355350063.jpg,63,3640,619
I1GS1355350064.jpg,64,3651,613
I1GS1355350065.jpg,65,3654,632
I1GS1355350066.jpg,66,3664,626
I1GS1355350067.jpg,67,3663,625
I1GS1355350068.jpg,68,3649,629
I1GS1355350069.jpg,69,3663,629
I1GS1355350070.jpg,70,3649,635
I1GS1355350071.jpg,71,3652,618
I1GS1355350072.jpg,72,3644,606
I1GS1355350073.jpg,73,3650,621
I1GS1355350074.jpg,74,3628,613
I1GS1355350075.jpg,75,3604,616
I1GS1355350076.jpg,76,3621,618
I1GS1355350077.jpg,77,3613,642
I1GS1355350078.jpg,78,3632,631
I1GS1355350079.jpg,79,3638,629
I1GS1355350080.jpg,80,3651,632
I1GS1355350081.jpg,81,3661,627
I1GS1355350082.jpg,82,3660,623
I1GS1355350083.jpg,83,3656,621
I1GS1355350084.jpg,84,3657,631
I1GS1355350085.jpg,85,3677,640
I1GS1355350086.jpg,86,3661,650
I1GS1355350087.jpg,87,3674,609
I1GS1355350088.jpg,88,3666,625
I1GS1355350089.jpg,89,3651,610
I1GS1355350090.jpg,90,3631,600
I1GS1355350091.jpg,91,3630,601
I1GS1355350092.jpg,92,3635,599
I1GS1355350093.jpg,93,3811,601
I1GS1355350094.jpg,94,3783,605
I1GS1355350095.jpg,95,3795,582
I1GS1355350096.jpg,96,3768,579
I1GS1355350097.jpg,97,3755,589
I1GS1355350098.jpg,98,3772,578
I1GS1355350099.jpg,99,3798,581
I1GS1355350100.jpg,100,3810,585
I1GS1355350101.jpg,101,3750,607
I1GS1355350102.jpg,102,3771,601
I1GS1355350103.jpg,103,3812,610
I1GS1355350104.jpg,104,3797,606
I1GS1355350105.jpg,105,3799,587
I1GS1355350106.jpg,106,3813,586
I1GS1355350107.jpg,107,3819,613
I1GS1355350108.jpg,108,3816,605
I1GS1355350109.jpg,109,3825,603
I1GS1355350110.jpg,110,3817,583
I1GS1355350111.jpg,111,3794,620
I1GS1355350112.jpg,112,3813,595
I1GS1355350113.jpg,113,3822,607
I1GS1355350114.jpg,114,3813,608
I1GS1355350115.jpg,115,3809,594
I1GS1355350116.jpg,116,3804,600
I1GS1355350117.jpg,117,3793,590
I1GS1355350118.jpg,118,3787,585
I1GS1355350119.jpg,119,3788,608
I1GS1355350120.jpg,120,3793,614
I1GS1355350121.jpg,121,3771,595
I1GS1355350122.jpg,122,3786,598
I1GS1355350123.jpg,123,3828,606
I1GS1355350124.jpg,124,3798,605
I1GS1355350125.jpg,125,3796,604
I1GS1355350126.jpg,126,3816,606
I1GS1355350127.jpg,127,3835,600
I1GS1355350128.jpg,128,3859,603
I1GS1355350129.jpg,129,3745,610
I1GS1355350130.jpg,130,3728,606
I1GS1355350131.jpg,131,3806,580
I1GS1355350132.jpg,132,3782,578
I1GS1355350133.jpg,133,3816,604
I1GS1355350134.jpg,134,3786,604
I1GS1355350135.jpg,135,3819,603
I1GS1355350136.jpg,136,3812,611
I1GS1355350137.jpg,137,3794,576
I1GS1355350138.jpg,138,3787,575
I1GS1355350139.jpg,139,3840,593
I1GS1355350140.jpg,140,3833,595
I1GS1355350141.jpg,141,3777,592
I1GS1355350142.jpg,142,3777,592
I1GS1355350143.jpg,143,3840,601
I1GS1355350144.jpg,144,3823,598
I1GS1355350145.jpg,145,3822,612
I1GS1355350146.jpg,146,3833,616
I1GS1355350147.jpg,147,3832,612
I1GS1355350148.jpg,148,3831,596
I1GS1355350149.jpg,149,3819,584
I1GS1355350150.jpg,150,3819,591
I1GS1355350151.jpg,151,3845,586
I1GS1355350152.jpg,152,3843,604
I1GS1355350153.jpg,153,3804,600
I1GS1355350154.jpg,154,3782,595
I1GS1355350155.jpg,155,3780,596
I1GS1355350156.jpg,156,3762,594
I1GS1355350157.jpg,157,3817,610
I1GS1355350158.jpg,158,3825,604
I1GS1355350159.jpg,159,3745,615
I1GS1355350160.jpg,160,3760,606
I1GS1355350161.jpg,161,3824,604
I1GS1355350162.jpg,162,3810,595
I1GS1355350163.jpg,163,3831,607
I1GS1355350164.jpg,164,3839,608
I1GS1355350165.jpg,165,3831,599
I1GS1355350166.jpg,166,3790,596
I1GS1355350167.jpg,167,3760,583
I1GS1355350168.jpg,168,3762,592
I1GS1355350169.jpg,169,3780,599
I1GS1355350170.jpg,170,3825,600
I1GS1355350171.jpg,171,3841,602
I1GS1355350172.jpg,172,3803,601
I1GS1355350173.jpg,173,3818,605
I1GS1355350174.jpg,174,3828,595
I1GS1355350175.jpg,175,3800,595
I1GS1355350176.jpg,176,3802,607
I1GS1355350177.jpg,177,3813,607
I1GS1355350178.jpg,178,3830,611
I1GS1355350179.jpg,179,3707,597
I1GS1355350180.jpg,180,3702,610
I1GS1355350181.jpg,181,3798,605
I1GS1355350182.jpg,182,3782,606
I1GS1355350183.jpg,183,3811,594
I1GS1355350184.jpg,184,3800,522
I1GS1355350184a.jpg,185,3817,212
I1GS1355350185.jpg,186,3830,533
I1GS1355350186.jpg,187,3828,603
I1GS1355350187.jpg,188,3801,602
I1GS1355350188.jpg,189,3803,588
I1GS1355350189.jpg,190,3829,599
I1GS1355350190.jpg,191,3796,604
I1GS1355350191.jpg,192,3779,610
I1GS1355350192.jpg,193,3775,600
I1GS1355350193.jpg,194,3786,615
I1GS1355350194.jpg,195,3790,607
I1GS1355350195.jpg,196,3832,600
I1GS1355350196.jpg,197,3816,604
I1GS1355350197.jpg,198,3817,592
I1GS1355350198.jpg,199,3808,577
I1GS1355350199.jpg,200,3831,601
I1GS1355350200.jpg,201,3824,605
I1GS1355350201.jpg,202,3793,589
I1GS1355350202.jpg,203,3799,595
I1GS1355350203.jpg,204,3780,614
I1GS1355350204.jpg,205,3791,597
I1GS1355350205.jpg,206,3827,598
I1GS1355350206.jpg,207,3820,591
I1GS1355350207.jpg,208,3798,614
I1GS1355350208.jpg,209,3803,606
I1GS1355350209.jpg,210,3807,620
I1GS1355350210.jpg,211,3787,606
I1GS1355350211.jpg,212,3788,600
I1GS1355350212.jpg,213,3774,576
I1GS1355350213.jpg,214,3772,617
I1GS1355350214.jpg,215,3746,592
I1GS1355350215.jpg,216,3782,594
I1GS1355350216.jpg,217,3789,589
I1GS1355350217.jpg,218,3812,587
I1GS1355350218.jpg,219,3802,575
I1GS1355350219.jpg,220,3820,606
I1GS1355350220.jpg,221,3828,605
I1GS1355350221.jpg,222,3812,602
I1GS1355350222.jpg,223,3814,622
I1GS1355350223.jpg,224,3818,604
I1GS1355350224.jpg,225,3798,605
I1GS1355350225.jpg,226,3813,598
I1GS1355350226.jpg,227,3803,601
I1GS1355350227.jpg,228,3811,609
I1GS1355350228.jpg,229,3774,586
I1GS1355350229.jpg,230,3791,600
I1GS1355350230.jpg,231,3816,583
I1GS1355350231.jpg,232,3819,606
I1GS1355350232.jpg,233,3825,604
I1GS1355350233.jpg,234,3834,604
I1GS1355350234.jpg,235,3799,597
I1GS1355350235.jpg,236,3700,601
I1GS1355350236.jpg,237,3690,601
I1GS1355350237.jpg,238,3815,615
I1GS1355350238.jpg,239,3820,621
I1GS1355350239.jpg,240,3788,598
I1GS1355350240.jpg,241,3791,598
I1GS1355350241.jpg,242,3804,589
I1GS1355350242.jpg,243,3802,595
I1GS1355350243.jpg,244,3799,596
I1GS1355350244.jpg,245,3789,607
I1GS1355350245.jpg,246,3822,603
I1GS1355350246.jpg,247,3806,589
I1GS1355350247.jpg,248,3819,610
I1GS1355350248.jpg,249,3801,598
I1GS1355350249.jpg,250,3827,608
I1GS1355350250.jpg,251,3830,613
I1GS1355350251.jpg,252,3775,593
I1GS1355350252.jpg,253,3777,605
I1GS1355350253.jpg,254,3812,614
I1GS1355350254.jpg,255,3808,602
I1GS1355350255.jpg,256,3818,604
I1GS1355350256.jpg,257,3798,603
I1GS1355350257.jpg,258,3806,582
I1GS1355350258.jpg,259,3805,567
I1GS1355350259.jpg,260,3832,612
I1GS1355350260.jpg,261,3820,601
I1GS1355350261.jpg,262,3839,624
I1GS1355350262.jpg,263,3813,603
I1GS1355350263.jpg,264,3812,614
I1GS1355350264.jpg,265,3740,599
I1GS1355350265.jpg,266,3763,598
I1GS1355350266.jpg,267,3820,597
I1GS1355350267.jpg,268,3822,609
I1GS1355350268.jpg,269,3820,593
I1GS1355350269.jpg,270,3811,594
I1GS1355350270.jpg,271,3761,593
I1GS1355350271.jpg,272,3781,575
I1GS1355350272.jpg,273,3784,599
I1GS1355350273.jpg,274,3770,610
I1GS1355350274.jpg,275,3763,613
I1GS1355350275.jpg,276,3802,610
I1GS1355350276.jpg,277,3792,612
I1GS1355350277.jpg,278,3813,616
I1GS1355350278.jpg,279,3776,573
I1GS1355350279.jpg,280,3769,576
I1GS1355350280.jpg,281,3755,600
I1GS1355350281.jpg,282,3752,600
I1GS1355350282.jpg,283,3792,605
I1GS1355350283.jpg,284,3833,617
I1GS1355350284.jpg,285,3814,611
I1GS1355350285.jpg,286,3850,615
I1GS1355350286.jpg,287,3820,615
I1GS1355350287.jpg,288,3785,619
I1GS1355350288.jpg,289,3771,614
I1GS1355350289.jpg,290,3848,610
I1GS1355350290.jpg,291,3839,605
I1GS1355350291.jpg,292,3674,651
I1GS1355350292.jpg,293,3660,643
I1GS1355350293.jpg,294,3659,627
I1GS1355350294.jpg,295,3633,630
I1GS1355350295.jpg,296,3672,647
I1GS1355350296.jpg,297,3666,653
I1GS1355350297.jpg,298,3669,652
I1GS1355350298.jpg,299,3666,653
I1GS1355350299.jpg,300,3681,640
I1GS1355350300.jpg,301,3663,643
I1GS1355350301.jpg,302,3655,633
I1GS1355350302.jpg,303,3640,634
I1GS1355350303.jpg,304,3642,641
I1GS1355350304.jpg,305,3657,643
I1GS1355350305.jpg,306,3665,638
I1GS1355350306.jpg,307,3681,638
I1GS1355350307.jpg,308,3672,633
I1GS1355350308.jpg,309,3668,637
I1GS1355350309.jpg,310,3659,631
I1GS1355350310.jpg,311,3659,634
I1GS1355350311.jpg,312,3648,640
I1GS1355350312.jpg,313,3660,636
I1GS1355350313.jpg,314,3618,639
I1GS1355350314.jpg,315,3620,637
I1GS1355350315.jpg,316,3648,622
I1GS1355350316.jpg,317,3637,631
I1GS1355350317.jpg,318,3641,635
I1GS1355350318.jpg,319,3641,619
I1GS1355350319.jpg,320,3621,620
I1GS1355350320.jpg,321,3617,620
I1GS1355350321.jpg,322,3638,617
I1GS1355350322.jpg,323,3633,613
I1GS1355350323.jpg,324,3617,605
I1GS1355350324.jpg,325,3619,603
I1GS1355350325.jpg,326,3665,632
I1GS1355350326.jpg,327,3650,634
I1GS1355350327.jpg,328,3645,625
I1GS1355350328.jpg,329,3642,628
I1GS1355350329.jpg,330,3674,622
I1GS1355350330.jpg,331,3634,629
I1GS1355350331.jpg,332,3661,638
I1GS1355350332.jpg,333,3622,626
I1GS1355350333.jpg,334,3640,626
I1GS1355350334.jpg,335,3613,628
I1GS1355350335.jpg,336,3617,602
I1GS1355350336.jpg,337,3611,601
I1GS1355350337.jpg,338,3641,623
I1GS1355350338.jpg,339,3646,631
I1GS1355350339.jpg,340,3654,620
I1GS1355350340.jpg,341,3645,619
I1GS1355350341.jpg,342,3634,639
I1GS1355350342.jpg,343,3645,635
I1GS1355350343.jpg,344,3642,621
I1GS1355350344.jpg,345,3636,625
I1GS1355350345.jpg,346,3600,631
I1GS1355350346.jpg,347,3573,629
I1GS1355350347.jpg,348,3644,619
I1GS1355350348.jpg,349,3643,627
I1GS1355350349.jpg,350,3651,612
I1GS1355350350.jpg,351,3631,625
I1GS1355350351.jpg,352,3662,627
I1GS1355350352.jpg,353,3643,626
I1GS1355350353.jpg,354,3607,642
I1GS1355350354.jpg,355,3602,640
I1GS1355350355.jpg,356,3650,619
I1GS1355350356.jpg,357,3634,623
I1GS1355350357.jpg,358,3651,636
I1GS1355350358.jpg,359,3651,623
I1GS1355350359.jpg,360,3651,618
I1GS1355350360.jpg,361,3639,622
I1GS1355350361.jpg,362,3572,637
I1GS1355350362.jpg,363,3546,633
I1GS1355350363.jpg,364,3655,643
I1GS1355350364.jpg,365,3655,634
I1GS1355350365.jpg,366,3647,638
I1GS1355350366.jpg,367,3661,637
I1GS1355350367.jpg,368,3669,641
I1GS1355350368.jpg,369,3655,639
I1GS1355350369.jpg,370,3667,622
I1GS1355350370.jpg,371,3654,637
I1GS1355350371.jpg,372,3662,624
I1GS1355350372.jpg,373,3643,628
I1GS1355350373.jpg,374,3677,632
I1GS1355350374.jpg,375,3655,620
I1GS1355350375.jpg,376,3665,634
I1GS1355350376.jpg,377,3668,640
I1GS1355350377.jpg,378,3693,631
I1GS1355350378.jpg,379,3655,632
I1GS1355350379.jpg,380,3677,638
I1GS1355350380.jpg,381,3664,642
I1GS1355350381.jpg,382,3614,640
I1GS1355350382.jpg,383,3613,634
I1GS1355350383.jpg,384,3652,632
I1GS1355350384.jpg,385,3659,631
I1GS1355350385.jpg,386,3653,634
I1GS1355350386.jpg,387,3658,626
I1GS1355350387.jpg,388,3660,641
I1GS1355350388.jpg,389,3660,647
I1GS1355350389.jpg,390,3674,638
I1GS1355350390.jpg,391,3651,637
I1GS1355350391.jpg,392,3671,630
I1GS1355350392.jpg,393,3651,645
I1GS1355350393.jpg,394,3666,629
I1GS1355350394.jpg,395,3635,623
I1GS1355350395.jpg,396,3658,625
I1GS1355350396.jpg,397,3639,632
I1GS1355350397.jpg,398,3647,635
I1GS1355350398.jpg,399,3644,631
I1GS1355350399.jpg,400,3653,632
I1GS1355350400.jpg,401,3649,637
I1GS1355350401.jpg,402,3621,617
I1GS1355350402.jpg,403,3642,618
I1GS1355350403.jpg,404,3670,633
I1GS1355350404.jpg,405,3650,637
I1GS1355350405.jpg,406,3672,629
I1GS1355350406.jpg,407,3651,640
I1GS1355350407.jpg,408,3677,624
I1GS1355350408.jpg,409,3659,628
I1GS1355350409.jpg,410,3677,595
I1GS1355350410.jpg,411,3666,607
I1GS1355350411.jpg,412,3617,607
I1GS1355350412.jpg,413,3615,615
I1GS1355350413.jpg,414,3637,624
I1GS1355350414.jpg,415,3647,621
I1GS1355350415.jpg,416,3657,647
I1GS1355350416.jpg,417,3644,634
I1GS1355350417.jpg,418,3678,631
I1GS1355350418.jpg,419,3646,638
I1GS1355350419.jpg,420,3686,631
I1GS1355350420.jpg,421,3654,631
I1GS1355350421.jpg,422,3625,616
I1GS1355350422.jpg,423,3580,634
I1GS1355350423.jpg,424,3672,628
I1GS1355350424.jpg,425,3648,626
I1GS1355350425.jpg,426,3689,636
I1GS1355350426.jpg,427,3660,642
I1GS1355350427.jpg,428,3686,634
I1GS1355350428.jpg,429,3659,637
I1GS1355350429.jpg,430,3614,635
I1GS1355350430.jpg,431,3612,639
I1GS1355350431.jpg,432,3668,641
I1GS1355350432.jpg,433,3636,631
I1GS1355350433.jpg,434,3658,630
I1GS1355350434.jpg,435,3635,632
I1GS1355350435.jpg,436,3667,627
I1GS1355350436.jpg,437,3646,629
I1GS1355350437.jpg,438,3621,599
I1GS1355350438.jpg,439,3628,602
I1GS1355350439.jpg,440,3685,634
I1GS1355350440.jpg,441,3649,632
I1GS1355350441.jpg,442,3671,625
I1GS1355350442.jpg,443,3649,618
I1GS1355350443.jpg,444,3697,638
I1GS1355350444.jpg,445,3674,627
I1GS1355350445.jpg,446,3679,637
I1GS1355350446.jpg,447,3667,631
I1GS1355350447.jpg,448,3677,634
I1GS1355350448.jpg,449,3661,635
I1GS1355350449.jpg,450,3668,626
I1GS1355350450.jpg,451,3635,609
I1GS1355350451.jpg,452,3660,638
I1GS1355350452.jpg,453,3649,638
I1GS1355350453.jpg,454,3667,625
I1GS1355350454.jpg,455,3665,610
I1GS1355350455.jpg,456,3657,626
I1GS1355350456.jpg,457,3662,627
I1GS1355350457.jpg,458,3656,635
I1GS1355350458.jpg,459,3645,622
I1GS1355350459.jpg,460,3672,625
I1GS1355350460.jpg,461,3648,639
I1GS1355350461.jpg,462,3658,622
I1GS1355350462.jpg,463,3655,628
I1GS1355350463.jpg,464,3632,631
I1GS1355350464.jpg,465,3621,629
I1GS1355350465.jpg,466,3652,625
I1GS1355350466.jpg,467,3662,632
I1GS1355350467.jpg,468,3678,639
I1GS1355350468.jpg,469,3618,634
I1GS1355350469.jpg,470,3641,635
I1GS1355350470.jpg,471,3642,628
I1GS1355350471.jpg,472,3677,642
I1GS1355350472.jpg,473,3655,634
I1GS1355350473.jpg,474,3665,642
I1GS1355350474.jpg,475,3651,630
I1GS1355350475.jpg,476,3612,617
I1GS1355350476.jpg,477,3608,620
I1GS1355350477.jpg,478,3646,629
I1GS1355350478.jpg,479,3635,621
I1GS1355350479.jpg,480,3618,614
I1GS1355350480.jpg,481,3631,618
I1GS1355350481.jpg,482,3625,620
I1GS1355350482.jpg,483,3617,624
I1GS1355350483.jpg,484,3617,622
I1GS1355350484.jpg,485,3625,627
I1GS1355350485.jpg,486,3609,602
I1GS1355350486.jpg,487,3644,596
I1GS1355350487.jpg,488,3693,625
I1GS1355350488.jpg,489,3668,599
I1GS1355350489.jpg,490,3678,637
I1GS1355350490.jpg,491,3669,625
I1GS1355350491.jpg,492,3662,640
I1GS1355350492.jpg,493,3656,621
I1GS1355350493.jpg,494,3658,616
I1GS1355350494.jpg,495,3629,615
I1GS1355350495.jpg,496,3667,621
I1GS1355350496.jpg,497,3640,630
I1GS1355350497.jpg,498,3680,633
I1GS1355350498.jpg,499,3639,638
I1GS1355350499.jpg,500,3661,635
I1GS1355350500.jpg,501,3658,635
I1GS1355350501.jpg,502,3648,638
I1GS1355350502.jpg,503,3642,637
I1GS1355350503.jpg,504,3669,627
I1GS1355350504.jpg,505,3663,650
I1GS1355350505.jpg,506,3682,632
I1GS1355350506.jpg,507,3671,628
I1GS1355350507.jpg,508,3663,619
I1GS1355350508.jpg,509,3670,634
I1GS1355350509.jpg,510,3673,644
I1GS1355350510.jpg,511,3656,634
I1GS1355350511.jpg,512,3680,620
I1GS1355350512.jpg,513,3656,635
I1GS1355350513.jpg,514,3677,634
I1GS1355350514.jpg,515,3665,637
I1GS1355350515.jpg,516,3679,621
I1GS1355350516.jpg,517,3659,635
I1GS1355350517.jpg,518,3665,606
I1GS1355350518.jpg,519,3642,621
I1GS1355350519.jpg,520,3658,619
I1GS1355350520.jpg,521,3643,620
I1GS1355350521.jpg,522,3654,638
I1GS1355350522.jpg,523,3652,634
I1GS1355350523.jpg,524,3647,642
I1GS1355350524.jpg,525,3640,623
I1GS1355350525.jpg,526,3633,627
I1GS1355350526.jpg,527,3625,630
I1GS1355350527.jpg,528,3664,636
I1GS1355350528.jpg,529,3646,636
I1GS1355350529.jpg,530,3676,646
I1GS1355350530.jpg,531,3663,634
I1GS1355350531.jpg,532,3655,643
I1GS1355350532.jpg,533,3646,636
I1GS1355350533.jpg,534,3655,627
I1GS1355350534.jpg,535,3667,636
I1GS1355350535.jpg,536,3650,615
I1GS1355350536.jpg,537,3636,603
I1GS1355350537.jpg,538,3649,630
I1GS1355350538.jpg,539,3640,651
I1GS1355350539.jpg,540,3645,641
I1GS1355350540.jpg,541,3656,648
I1GS1355350541.jpg,542,3682,635
I1GS1355350542.jpg,543,3654,623
I1GS1355350543.jpg,544,3659,635
I1GS1355350544.jpg,545,3651,637
I1GS1355350545.jpg,546,3667,646
I1GS1355350546.jpg,547,3642,634
I1GS1355350547.jpg,548,3670,632
I1GS1355350548.jpg,549,3651,634
I1GS1355350549.jpg,550,3662,641
I1GS1355350550.jpg,551,3641,635
I1GS1355350551.jpg,552,3670,635
I1GS1355350552.jpg,553,3671,632
I1GS1355350553.jpg,554,3656,641
I1GS1355350554.jpg,555,3658,634
I1GS1355350555.jpg,556,3639,633
I1GS1355350556.jpg,557,3616,637
I1GS1355350557.jpg,558,3676,642
I1GS1355350558.jpg,559,3653,644
I1GS1355350559.jpg,560,3645,641
I1GS1355350560.jpg,561,3646,643
I1GS1355350561.jpg,562,3660,643
I1GS1355350562.jpg,563,3609,637
I1GS1355350563.jpg,564,3631,636
I1GS1355350564.jpg,565,3637,632
I1GS1355350565.jpg,566,3644,635
I1GS1355350566.jpg,567,3645,632
I1GS1355350567.jpg,568,3666,644
I1GS1355350568.jpg,569,3631,637
I1GS1355350569.jpg,570,3656,643
I1GS1355350570.jpg,571,3641,646
I1GS1355350571.jpg,572,3646,635
I1GS1355350572.jpg,573,3639,649
I1GS1355350573.jpg,574,3691,637
I1GS1355350574.jpg,575,3675,640
I1GS1355350575.jpg,576,3675,628
I1GS1355350576.jpg,577,3648,632
I1GS1355350577.jpg,578,3671,624
I1GS1355350578.jpg,579,3645,621
I1GS1355350579.jpg,580,3669,608
I1GS1355350580.jpg,581,3659,618
I1GS1355350581.jpg,582,3649,630
I1GS1355350582.jpg,583,3645,630
I1GS1355350583.jpg,584,3669,622
I1GS1355350584.jpg,585,3654,624
I1GS1355350585.jpg,586,3670,641
I1GS1355350586.jpg,587,3648,639
I1GS1355350587.jpg,588,3648,631
I1GS1355350588.jpg,589,3638,635
I1GS1355350589.jpg,590,3676,641
I1GS1355350590.jpg,591,3647,631
I1GS1355350591.jpg,592,3610,635
I1GS1355350592.jpg,593,3605,643
I1GS1355350593.jpg,594,3662,638
I1GS1355350594.jpg,595,3664,634
I1GS1355350595.jpg,596,3678,646
I1GS1355350596.jpg,597,3665,644
I1GS1355350597.jpg,598,3679,642
I1GS1355350598.jpg,599,3649,638
I1GS1355350599.jpg,600,3678,633
I1GS1355350600.jpg,601,3646,632
I1GS1355350601.jpg,602,3686,638
I1GS1355350602.jpg,603,3671,639
I1GS1355350603.jpg,604,3690,641
I1GS1355350604.jpg,605,3673,644
I1GS1355350605.jpg,606,3684,630
I1GS1355350606.jpg,607,3666,638
I1GS1355350607.jpg,608,3666,641
I1GS1355350608.jpg,609,3650,638
I1GS1355350609.jpg,610,3663,632
I1GS1355350610.jpg,611,3640,623
I1GS1355350611.jpg,612,3660,629
I1GS1355350612.jpg,613,3651,637
I1GS1355350613.jpg,614,3678,633
I1GS1355350614.jpg,615,3657,637
I1GS1355350615.jpg,616,3678,631
I1GS1355350616.jpg,617,3645,636
I1GS1355350617.jpg,618,3660,643
I1GS1355350618.jpg,619,3654,640
I1GS1355350619.jpg,620,3642,647
I1GS1355350620.jpg,621,3627,645
I1GS1355350621.jpg,622,3676,617
I1GS1355350622.jpg,623,3667,630
I1GS1355350623.jpg,624,3651,639
I1GS1355350624.jpg,625,3647,639
I1GS1355350625.jpg,626,3670,638
I1GS1355350626.jpg,627,3663,628
I1GS1355350627.jpg,628,3686,638
I1GS1355350628.jpg,629,3658,636
I1GS1355350629.jpg,630,3670,632
I1GS1355350630.jpg,631,3650,642
I1GS1355350631.jpg,632,3659,632
I1GS1355350632.jpg,633,3644,627
I1GS1355350633.jpg,634,3682,641
I1GS1355350634.jpg,635,3659,637
I1GS1355350635.jpg,636,3649,650
I1GS1355350636.jpg,637,3633,635
I1GS1355350637.jpg,638,3636,599
I1GS1355350638.jpg,639,3624,590
I1GS1355350639.jpg,640,3676,643
I1GS1355350640.jpg,641,3670,637
I1GS1355350641.jpg,642,3658,637
I1GS1355350642.jpg,643,3649,645
I1GS1355350643.jpg,644,3634,649
I1GS1355350644.jpg,645,3641,631
I1GS1355350645.jpg,646,3618,632
I1GS1355350646.jpg,647,3598,629
I1GS1355350647.jpg,648,3679,641
I1GS1355350648.jpg,649,3665,640
I1GS1355350649.jpg,650,3618,627
I1GS1355350650.jpg,651,3604,628
I1GS1355350651.jpg,652,3653,650
I1GS1355350652.jpg,653,3651,632
I1GS1355350653.jpg,654,3659,635
I1GS1355350654.jpg,655,3627,629
I1GS1355350655.jpg,656,3668,640
I1GS1355350656.jpg,657,3639,620
I1GS1355350657.jpg,658,3676,644
I1GS1355350658.jpg,659,3657,632
I1GS1355350659.jpg,660,3666,631
I1GS1355350660.jpg,661,3640,620
I1GS1355350661.jpg,662,3679,657
I1GS1355350662.jpg,663,3652,616
I1GS1355350663.jpg,664,3666,621
I1GS1355350664.jpg,665,3663,621
I1GS1355350665.jpg,666,3666,635
I1GS1355350666.jpg,667,3650,647
I1GS1355350667.jpg,668,3664,623
I1GS1355350668.jpg,669,3675,620
I1GS1355350669.jpg,670,3656,624
I1GS1355350670.jpg,671,3640,629
I1GS1355350671.jpg,672,3679,646
I1GS1355350672.jpg,673,3656,651
I1GS1355350673.jpg,674,3675,630
I1GS1355350674.jpg,675,3658,618
I1GS1355350675.jpg,676,3678,624
I1GS1355350676.jpg,677,3670,632
I1GS1355350677.jpg,678,3666,655
I1GS1355350678.jpg,679,3674,634
I1GS1355350679.jpg,680,3674,643
I1GS1355350680.jpg,681,3669,639
I1GS1355350681.jpg,682,3656,637
I1GS1355350682.jpg,683,3665,634
I1GS1355350683.jpg,684,3668,641
I1GS1355350684.jpg,685,3659,634
I1GS1355350685.jpg,686,3663,639
I1GS1355350686.jpg,687,3656,624
I1GS1355350687.jpg,688,3674,638
I1GS1355350688.jpg,689,3657,625
I1GS1355350689.jpg,690,3686,624
I1GS1355350690.jpg,691,3671,623
I1GS1355350691.jpg,692,3664,641
I1GS1355350692.jpg,693,3643,628
I1GS1355350693.jpg,694,3650,632
I1GS1355350694.jpg,695,3629,627
I1GS1355350695.jpg,696,3633,615
I1GS1355350696.jpg,697,3619,623
I1GS1355350697.jpg,698,3645,617
I1GS1355350698.jpg,699,3642,616
I1GS1355350699.jpg,700,3664,643
I1GS1355350700.jpg,701,3644,634
I1GS1355350701.jpg,702,3620,616
I1GS1355350702.jpg,703,3579,612
I1GS1355350703.jpg,704,3624,622
I1GS1355350704.jpg,705,3631,633
I1GS1355350705.jpg,706,3648,623
I1GS1355350706.jpg,707,3616,608
I1GS1355350707.jpg,708,3674,628
I1GS1355350708.jpg,709,3664,627
I1GS1355350709.jpg,710,3674,634
I1GS1355350710.jpg,711,3646,636
I1GS1355350711.jpg,712,3683,625
I1GS1355350712.jpg,713,3654,637
I1GS1355350713.jpg,714,3637,622
I1GS1355350714.jpg,715,3629,615
I1GS1355350715.jpg,716,3671,627
I1GS1355350716.jpg,717,3663,632
I1GS1355350717.jpg,718,3625,607
I1GS1355350718.jpg,719,3612,615
I1GS1355350719.jpg,720,3676,645
I1GS1355350720.jpg,721,3652,639
I1GS1355350721.jpg,722,3665,632
I1GS1355350722.jpg,723,3633,626
I1GS1355350723.jpg,724,3642,629
I1GS1355350724.jpg,725,3644,620
I1GS1355350725.jpg,726,3659,638
I1GS1355350726.jpg,727,3658,626
I1GS1355350727.jpg,728,3677,632
I1GS1355350728.jpg,729,3654,629
I1GS1355350729.jpg,730,3653,629
I1GS1355350730.jpg,731,3647,602
I1GS1355350731.jpg,732,3668,616
I1GS1355350732.jpg,733,3647,631
I1GS1355350733.jpg,734,3666,621
I1GS1355350734.jpg,735,3661,628
I1GS1355350735.jpg,736,3675,628
I1GS1355350736.jpg,737,3651,633
I1GS1355350737.jpg,738,3665,635
I1GS1355350738.jpg,739,3663,632
I1GS1355350739.jpg,740,3655,641
I1GS1355350740.jpg,741,3647,634
I1GS1355350741.jpg,742,3646,624
I1GS1355350742.jpg,743,3643,620
I1GS1355350743.jpg,744,3612,646
I1GS1355350744.jpg,745,3638,639
I1GS1355350745.jpg,746,3656,646
I1GS1355350746.jpg,747,3640,639
I1GS1355350747.jpg,748,3650,635
I1GS1355350748.jpg,749,3663,632
I1GS1355350749.jpg,750,3681,633
I1GS1355350750.jpg,751,3641,649
I1GS1355350751.jpg,752,3684,622
I1GS1355350752.jpg,753,3647,621
I1GS1355350753.jpg,754,3673,642
I1GS1355350754.jpg,755,3648,632
I1GS1355350755.jpg,756,3665,635
I1GS1355350756.jpg,757,3656,643
I1GS1355350757.jpg,758,3656,627
I1GS1355350758.jpg,759,3649,631
I1GS1355350759.jpg,760,3665,622
I1GS1355350760.jpg,761,3637,629
I1GS1355350761.jpg,762,3649,648
I1GS1355350762.jpg,763,3619,627
I1GS1355350763.jpg,764,3668,634
I1GS1355350764.jpg,765,3637,637
I1GS1355350765.jpg,766,3661,627
I1GS1355350766.jpg,767,3632,634
I1GS1355350767.jpg,768,3666,629
I1GS1355350768.jpg,769,3624,630
I1GS1355350769.jpg,770,3652,635
I1GS1355350770.jpg,771,3650,628
I1GS1355350771.jpg,772,3653,629
I1GS1355350772.jpg,773,3644,634
I1GS1355350773.jpg,774,3669,639
I1GS1355350774.jpg,775,3651,637
I1GS1355350775.jpg,776,3650,640
I1GS1355350776.jpg,777,3646,630
I1GS1355350777.jpg,778,3674,635
I1GS1355350778.jpg,779,3651,640
I1GS1355350779.jpg,780,3663,629
I1GS1355350780.jpg,781,3646,631
I1GS1355350781.jpg,782,3663,621
I1GS1355350782.jpg,783,3645,634
I1GS1355350783.jpg,784,3660,631
I1GS1355350784.jpg,785,3642,629
I1GS1355350785.jpg,786,3645,633
I1GS1355350786.jpg,787,3647,623
I1GS1355350787.jpg,788,3654,644
I1GS1355350788.jpg,789,3656,647
I1GS1355350789.jpg,790,3648,652
I1GS1355350790.jpg,791,3644,645
I1GS1355350791.jpg,792,3662,649
I1GS1355350792.jpg,793,3649,641
I1GS1355350793.jpg,794,3675,624
I1GS1355350794.jpg,795,3660,629
I1GS1355350795.jpg,796,3633,620
I1GS1355350796.jpg,797,3615,616
I1GS1355350797.jpg,798,3658,635
I1GS1355350798.jpg,799,3661,596
I1GS1355350799.jpg,800,3672,629
I1GS1355350800.jpg,801,3655,618
I1GS1355350801.jpg,802,3678,635
I1GS1355350802.jpg,803,3652,632
I1GS1355350803.jpg,804,3655,641
I1GS1355350804.jpg,805,3643,632
I1GS1355350805.jpg,806,3663,631
I1GS1355350806.jpg,807,3642,626
I1GS1355350807.jpg,808,3655,637
I1GS1355350808.jpg,809,3657,628
I1GS1355350809.jpg,810,3643,639
I1GS1355350810.jpg,811,3640,625
I1GS1355350811.jpg,812,3659,643
I1GS1355350812.jpg,813,3644,620
I1GS1355350813.jpg,814,3663,627
I1GS1355350814.jpg,815,3655,626
I1GS1355350815.jpg,816,3661,617
I1GS1355350816.jpg,817,3654,634
I1GS1355350817.jpg,818,3655,639
I1GS1355350818.jpg,819,3651,635
I1GS1355350819.jpg,820,3649,581
I1GS1355350820.jpg,821,3654,629
I1GS1355350821.jpg,822,3609,628
I1GS1355350822.jpg,823,3628,629
I1GS1355350823.jpg,824,3668,638
I1GS1355350824.jpg,825,3652,631
I1GS1355350825.jpg,826,3664,635
I1GS1355350826.jpg,827,3666,628
I1GS1355350827.jpg,828,3668,625
I1GS1355350828.jpg,829,3649,627
I1GS1355350829.jpg,830,3663,630
I1GS1355350830.jpg,831,3647,617
I1GS1355350831.jpg,832,3665,622
I1GS1355350832.jpg,833,3649,622
I1GS1355350833.jpg,834,3665,632
I1GS1355350834.jpg,835,3642,620
I1GS1355350835.jpg,836,3643,625
I1GS1355350836.jpg,837,3638,617
I1GS1355350837.jpg,838,3637,637
I1GS1355350838.jpg,839,3621,628
I1GS1355350839.jpg,840,3625,643
I1GS1355350840.jpg,841,3628,633
I1GS1355350841.jpg,842,3623,639
I1GS1355350842.jpg,843,3633,626
I1GS1355350843.jpg,844,3622,631
I1GS1355350844.jpg,845,3606,618
I1GS1355350845.jpg,846,3618,644
I1GS1355350846.jpg,847,3623,640
I1GS1355350847.jpg,848,3657,635
I1GS1355350848.jpg,849,3661,633
I1GS1355350849.jpg,850,3649,629
I1GS1355350850.jpg,851,3648,626
I1GS1355350851.jpg,852,3660,635
I1GS1355350852.jpg,853,3641,612
I1GS1355350853.jpg,854,3628,632
I1GS1355350854.jpg,855,3647,627
I1GS1355350855.jpg,856,3669,628
I1GS1355350856.jpg,857,3651,632
I1GS1355350857.jpg,858,3633,617
I1GS1355350858.jpg,859,3627,615
I1GS1355350859.jpg,860,3655,644
I1GS1355350860.jpg,861,3650,623
I1GS1355350861.jpg,862,3655,639
I1GS1355350862.jpg,863,3636,634
I1GS1355350863.jpg,864,3649,641
I1GS1355350864.jpg,865,3649,637
I1GS1355350865.jpg,866,3635,643
I1GS1355350866.jpg,867,3622,628
I1GS1355350867.jpg,868,3643,646
I1GS1355350868.jpg,869,3623,626
I1GS1355350869.jpg,870,3635,641
I1GS1355350870.jpg,871,3645,630
I1GS1355350871.jpg,872,3636,644
I1GS1355350872.jpg,873,3647,627
I1GS1355350873.jpg,874,3632,646
I1GS1355350874.jpg,875,3624,635
I1GS1355350875.jpg,876,3621,641
I1GS1355350876.jpg,877,3644,637
I1GS1355350877.jpg,878,3626,639
I1GS1355350878.jpg,879,3622,631
I1GS1355350879.jpg,880,3645,611
I1GS1355350880.jpg,881,3626,609
I1GS1355350881.jpg,882,3663,637
I1GS1355350882.jpg,883,3654,624
I1GS1355350883.jpg,884,3658,641
I1GS1355350884.jpg,885,3643,629
I1GS1355350885.jpg,886,3645,643
I1GS1355350886.jpg,887,3640,617
I1GS1355350887.jpg,888,3639,630
I1GS1355350888.jpg,889,3638,624
I1GS1355350889.jpg,890,3669,638
I1GS1355350890.jpg,891,3653,632
I1GS1355350891.jpg,892,3611,638
I1GS1355350892.jpg,893,3592,643
I1GS1355350893.jpg,894,3643,637
I1GS1355350894.jpg,895,3652,630
I1GS1355350895.jpg,896,3610,635
I1GS1355350896.jpg,897,3622,629
I1GS1355350897.jpg,898,3646,638
I1GS1355350898.jpg,899,3651,649
I1GS1355350899.jpg,900,3639,624
I1GS1355350900.jpg,901,3618,631
I1GS1355350901.jpg,902,3653,636
I1GS1355350902.jpg,903,3643,634
I1GS1355350903.jpg,904,3667,642
I1GS1355350904.jpg,905,3661,629
I1GS1355350905.jpg,906,3673,632
I1GS1355350906.jpg,907,3656,623
I1GS1355350907.jpg,908,3655,639
I1GS1355350908.jpg,909,3655,625
I1GS1355350909.jpg,910,3664,618
I1GS1355350910.jpg,911,3673,626
I1GS1355350911.jpg,912,3636,601
I1GS1355350912.jpg,913,3627,628
I1GS1355350913.jpg,914,3659,632
I1GS1355350914.jpg,915,3649,604
I1GS1355350915.jpg,916,3654,622
I1GS1355350916.jpg,917,3649,640
I1GS1355350917.jpg,918,3674,641
I1GS1355350918.jpg,919,3677,628
I1GS1355350919.jpg,920,3673,646
I1GS1355350920.jpg,921,3661,637
I1GS1355350921.jpg,922,3637,594
I1GS1355350922.jpg,923,3635,604
I1GS1355350923.jpg,924,3629,618
I1GS1355350924.jpg,925,3632,629
I1GS1355350925.jpg,926,3664,635
I1GS1355350926.jpg,927,3633,625
I1GS1355350927.jpg,928,3644,635
I1GS1355350928.jpg,929,3643,632
I1GS1355350929.jpg,930,3673,645
I1GS1355350930.jpg,931,3673,638
I1GS1355350931.jpg,932,3614,592
I1GS1355350932.jpg,933,3626,629
I1GS1355350933.jpg,934,3640,625
I1GS1355350934.jpg,935,3676,632
I1GS1355350935.jpg,936,3669,631
I1GS1355350936.jpg,937,3665,633
I1GS1355350937.jpg,938,3663,639
I1GS1355350938.jpg,939,3688,639
I1GS1355350939.jpg,940,3631,630
I1GS1355350940.jpg,941,3627,612
I1GS1355350941.jpg,942,3676,638
I1GS1355350942.jpg,943,3657,632
I1GS1355350943.jpg,944,3675,649
I1GS1355350944.jpg,945,3659,632
I1GS1355350945.jpg,946,3657,635
I1GS1355350946.jpg,947,3677,628
I1GS1355350947.jpg,948,3619,583
I1GS1355350948.jpg,949,3587,623
I1GS1355350949.jpg,950,3652,640
I1GS1355350950.jpg,951,3664,622
I1GS1355350951.jpg,952,3666,644
I1GS1355350952.jpg,953,3662,626
I1GS1355350953.jpg,954,3664,625
I1GS1355350954.jpg,955,3643,616
I1GS1355350955.jpg,956,3659,627
I1GS1355350956.jpg,957,3672,623
I1GS1355350957.jpg,958,3614,619
I1GS1355350958.jpg,959,3600,598
I1GS1355350959.jpg,960,3644,643
I1GS1355350960.jpg,961,3654,629
I1GS1355350961.jpg,962,3647,649
I1GS1355350962.jpg,963,3639,624
I1GS1355350963.jpg,964,3650,638
I1GS1355350964.jpg,965,3647,618
I1GS1355350965.jpg,966,3651,639
I1GS1355350966.jpg,967,3665,620
I1GS1355350967.jpg,968,3654,638
I1GS1355350968.jpg,969,3641,626
I1GS1355350969.jpg,970,3621,615
I1GS1355350970.jpg,971,3608,613
I1GS1355350971.jpg,972,3650,637
I1GS1355350972.jpg,973,3650,607
I1GS1355350973.jpg,974,3644,641
I1GS1355350974.jpg,975,3633,617
I1GS1355350975.jpg,976,3655,638
I1GS1355350976.jpg,977,3647,619
I1GS1355350977.jpg,978,3653,641
I1GS1355350978.jpg,979,3644,620
I1GS1355350979.jpg,980,3601,605
I1GS1355350980.jpg,981,3614,615
I1GS1355350981.jpg,982,3650,633
I1GS1355350982.jpg,983,3643,607
I1GS1355350983.jpg,984,3661,624
I1GS1355350984.jpg,985,3650,615
I1GS1355350985.jpg,986,3627,631
I1GS1355350986.jpg,987,3640,624
I1GS1355350987.jpg,988,3654,631
I1GS1355350988.jpg,989,3625,617
I1GS1355350989.jpg,990,3624,633
I1GS1355350990.jpg,991,3610,626
I1GS1355350991.jpg,992,3657,630
I1GS1355350992.jpg,993,3653,621
I1GS1355350993.jpg,994,3670,638
I1GS1355350994.jpg,995,3666,639
I1GS1355350995.jpg,996,3653,643
I1GS1355350996.jpg,997,3660,625
I1GS1355350997.jpg,998,3648,640
I1GS1355350998.jpg,999,3653,625
I1GS1355350999.jpg,1000,3646,629
I1GS1355351000.jpg,1001,3657,628
I1GS1355351001.jpg,1002,3652,648
I1GS1355351002.jpg,1003,3651,621
I1GS1355351003.jpg,1004,3657,627
I1GS1355351004.jpg,1005,3661,624
I1GS1355351005.jpg,1006,3655,646
I1GS1355351006.jpg,1007,3649,643
I1GS1355351007.jpg,1008,3650,636
I1GS1355351008.jpg,1009,3648,620
I1GS1355351009.jpg,1010,3654,639
I1GS1355351010.jpg,1011,3647,616
I1GS1355351011.jpg,1012,3639,627
I1GS1355351012.jpg,1013,3652,615
I1GS1355351013.jpg,1014,3639,627
I1GS1355351014.jpg,1015,3613,616
I1GS1355351015.jpg,1016,3679,644
I1GS1355351016.jpg,1017,3662,616
I1GS1355351017.jpg,1018,3668,626
I1GS1355351018.jpg,1019,3669,623
I1GS1355351019.jpg,1020,3661,630
I1GS1355351020.jpg,1021,3665,624
I1GS1355351021.jpg,1022,3673,632
I1GS1355351022.jpg,1023,3668,624
I1GS1355351023.jpg,1024,3653,612
I1GS1355351024.jpg,1025,3632,609
I1GS1355351025.jpg,1026,3649,624
I1GS1355351026.jpg,1027,3650,607
I1GS1355351027.jpg,1028,3669,629
I1GS1355351028.jpg,1029,3662,617
I1GS1355351029.jpg,1030,3656,633
I1GS1355351030.jpg,1031,3676,613
I1GS1355351031.jpg,1032,3665,638
I1GS1355351032.jpg,1033,3660,640
I1GS1355351033.jpg,1034,3668,638
I1GS1355351034.jpg,1035,3677,623
I1GS1355351035.jpg,1036,3635,610
I1GS1355351036.jpg,1037,3634,592
I1GS1355351037.jpg,1038,3644,477
I1GS1355351038.jpg,1039,3666,599
I1GS1355351039.jpg,1040,3659,610
I1GS1355351040.jpg,1041,3676,596
I1GS1355351041.jpg,1042,3672,605
I1GS1355351042.jpg,1043,3666,601
I1GS1355351043.jpg,1044,3661,600
I1GS1355351044.jpg,1045,3669,605
I1GS1355351045.jpg,1046,3888,770
I1GS1355351046.jpg,1047,3888,770
I1GS1355351047.jpg,1048,3670,614
I1GS1355351048.jpg,1049,3663,610
I1GS1355351049.jpg,1050,3637,631
I1GS1355351050.jpg,1051,3630,628
I1GS1355351051.jpg,1052,3625,606
I1GS1355351052.jpg,1053,3628,623
I1GS1355351053.jpg,1054,3663,639
I1GS1355351054.jpg,1055,3659,625
I1GS1355351055.jpg,1056,3650,613
I1GS1355351056.jpg,1057,3653,611
I1GS1355351057.jpg,1058,3669,624
I1GS1355351058.jpg,1059,3686,626
I1GS1355351059.jpg,1060,3663,603
I1GS1355351060.jpg,1061,3662,594
I1GS1355351061.jpg,1062,3625,630
I1GS1355351062.jpg,1063,3611,626
I1GS1355351063.jpg,1064,3630,618
I1GS1355351064.jpg,1065,3631,603
I1GS1355351065.jpg,1066,3616,626
I1GS1355351066.jpg,1067,3629,626
I1GS1355351067.jpg,1068,3654,636
I1GS1355351068.jpg,1069,3645,637
