I1PD1533710001.jpg,1,1275,1650
I1PD1533710002.jpg,2,1275,1650
I1PD1533710003.jpg,3,2310,343
I1PD1533710004.jpg,4,2273,338
I1PD1533710005.jpg,5,2289,367
I1PD1533710006.jpg,6,2310,352
I1PD1533710007.jpg,7,2333,366
I1PD1533710008.jpg,8,2223,359
I1PD1533710009.jpg,9,2241,352
I1PD1533710010.jpg,10,2226,352
I1PD1533710011.jpg,11,2243,364
I1PD1533710012.jpg,12,2187,375
I1PD1533710013.jpg,13,2173,351
I1PD1533710014.jpg,14,2273,338
I1PD1533710015.jpg,15,2289,345
I1PD1533710016.jpg,16,2133,352
I1PD1533710017.jpg,17,2259,364
I1PD1533710018.jpg,18,2223,359
I1PD1533710019.jpg,19,2213,347
I1PD1533710020.jpg,20,2226,352
I1PD1533710021.jpg,21,2243,354
I1PD1533710022.jpg,22,2187,375
I1PD1533710023.jpg,23,2173,351
I1PD1533710024.jpg,24,2273,338
I1PD1533710025.jpg,25,2201,345
I1PD1533710026.jpg,26,2133,352
I1PD1533710027.jpg,27,2198,357
I1PD1533710028.jpg,28,2223,359
I1PD1533710029.jpg,29,2213,347
I1PD1533710030.jpg,30,2226,352
I1PD1533710031.jpg,31,2221,354
I1PD1533710032.jpg,32,2187,354
I1PD1533710033.jpg,33,2173,339
I1PD1533710034.jpg,34,2169,338
I1PD1533710035.jpg,35,2201,345
I1PD1533710036.jpg,36,2211,337
I1PD1533710037.jpg,37,2180,357
I1PD1533710038.jpg,38,2169,359
I1PD1533710039.jpg,39,2213,347
I1PD1533710040.jpg,40,2190,352
I1PD1533710041.jpg,41,2221,354
I1PD1533710042.jpg,42,2187,354
I1PD1533710043.jpg,43,2173,349
I1PD1533710044.jpg,44,2169,338
I1PD1533710045.jpg,45,2201,352
I1PD1533710046.jpg,46,2211,337
I1PD1533710047.jpg,47,2180,357
I1PD1533710048.jpg,48,2173,359
I1PD1533710049.jpg,49,2168,352
I1PD1533710050.jpg,50,2190,352
I1PD1533710051.jpg,51,2221,348
I1PD1533710052.jpg,52,2187,354
I1PD1533710053.jpg,53,2173,349
I1PD1533710054.jpg,54,2169,349
I1PD1533710055.jpg,55,2201,352
I1PD1533710056.jpg,56,2211,337
I1PD1533710057.jpg,57,2206,357
I1PD1533710058.jpg,58,2173,359
I1PD1533710059.jpg,59,2168,352
I1PD1533710060.jpg,60,2190,352
I1PD1533710061.jpg,61,2221,340
I1PD1533710062.jpg,62,2187,345
I1PD1533710063.jpg,63,2173,349
I1PD1533710064.jpg,64,2169,344
I1PD1533710065.jpg,65,2201,352
I1PD1533710066.jpg,66,2162,347
I1PD1533710067.jpg,67,2206,357
I1PD1533710068.jpg,68,2173,349
I1PD1533710069.jpg,69,2168,365
I1PD1533710070.jpg,70,2190,346
I1PD1533710071.jpg,71,2221,340
I1PD1533710072.jpg,72,2187,363
I1PD1533710073.jpg,73,2173,349
I1PD1533710074.jpg,74,2169,348
I1PD1533710075.jpg,75,2201,352
I1PD1533710076.jpg,76,2162,355
I1PD1533710077.jpg,77,2206,353
I1PD1533710078.jpg,78,2173,349
I1PD1533710079.jpg,79,2168,365
I1PD1533710080.jpg,80,2190,361
I1PD1533710081.jpg,81,2221,340
I1PD1533710082.jpg,82,2187,363
I1PD1533710083.jpg,83,2173,349
I1PD1533710084.jpg,84,2169,348
I1PD1533710085.jpg,85,2201,341
I1PD1533710086.jpg,86,2162,373
I1PD1533710087.jpg,87,2206,357
I1PD1533710088.jpg,88,2173,363
I1PD1533710089.jpg,89,2168,361
I1PD1533710090.jpg,90,2190,361
I1PD1533710091.jpg,91,2221,358
I1PD1533710092.jpg,92,2187,363
I1PD1533710093.jpg,93,2173,360
I1PD1533710094.jpg,94,2169,348
I1PD1533710095.jpg,95,2166,351
I1PD1533710096.jpg,96,2162,356
I1PD1533710097.jpg,97,2206,357
I1PD1533710098.jpg,98,2173,352
I1PD1533710099.jpg,99,2168,355
I1PD1533710100.jpg,100,2190,352
I1PD1533710101.jpg,101,2193,358
I1PD1533710102.jpg,102,2191,369
I1PD1533710103.jpg,103,2173,360
I1PD1533710104.jpg,104,2169,348
I1PD1533710105.jpg,105,2166,351
I1PD1533710106.jpg,106,2162,356
I1PD1533710107.jpg,107,2206,365
I1PD1533710108.jpg,108,2173,352
I1PD1533710109.jpg,109,2216,355
I1PD1533710110.jpg,110,2190,352
I1PD1533710111.jpg,111,2193,358
I1PD1533710112.jpg,112,2191,369
I1PD1533710113.jpg,113,2173,360
I1PD1533710114.jpg,114,2152,348
I1PD1533710115.jpg,115,2271,352
I1PD1533710116.jpg,116,2281,342
I1PD1533710117.jpg,117,2206,326
I1PD1533710118.jpg,118,2194,352
I1PD1533710119.jpg,119,2268,355
I1PD1533710120.jpg,120,2247,352
I1PD1533710121.jpg,121,2244,352
I1PD1533710122.jpg,122,2268,361
I1PD1533710123.jpg,123,2242,360
I1PD1533710124.jpg,124,2225,348
I1PD1533710125.jpg,125,2271,352
I1PD1533710126.jpg,126,2251,342
I1PD1533710127.jpg,127,2237,351
I1PD1533710128.jpg,128,2232,331
I1PD1533710129.jpg,129,2268,355
I1PD1533710130.jpg,130,2247,345
I1PD1533710131.jpg,131,2268,352
I1PD1533710132.jpg,132,2268,345
I1PD1533710133.jpg,133,2242,354
I1PD1533710134.jpg,134,2225,348
I1PD1533710135.jpg,135,2271,352
I1PD1533710136.jpg,136,2251,342
I1PD1533710137.jpg,137,2237,351
I1PD1533710138.jpg,138,2232,349
I1PD1533710139.jpg,139,2268,349
I1PD1533710140.jpg,140,2247,345
I1PD1533710141.jpg,141,2272,356
I1PD1533710142.jpg,142,2288,345
I1PD1533710143.jpg,143,2242,354
I1PD1533710144.jpg,144,2279,359
I1PD1533710145.jpg,145,2271,352
I1PD1533710146.jpg,146,2260,354
I1PD1533710147.jpg,147,2266,351
I1PD1533710148.jpg,148,2299,360
I1PD1533710149.jpg,149,2268,349
I1PD1533710150.jpg,150,2290,345
I1PD1533710151.jpg,151,2272,356
I1PD1533710152.jpg,152,2288,361
I1PD1533710153.jpg,153,2242,354
I1PD1533710154.jpg,154,2279,359
I1PD1533710155.jpg,155,2271,352
I1PD1533710156.jpg,156,2260,354
I1PD1533710157.jpg,157,2266,351
I1PD1533710158.jpg,158,2299,360
I1PD1533710159.jpg,159,2268,349
I1PD1533710160.jpg,160,2220,345
I1PD1533710161.jpg,161,2272,356
I1PD1533710162.jpg,162,2208,353
I1PD1533710163.jpg,163,2242,354
I1PD1533710164.jpg,164,2191,336
I1PD1533710165.jpg,165,2271,352
I1PD1533710166.jpg,166,2207,345
I1PD1533710167.jpg,167,2266,351
I1PD1533710168.jpg,168,2198,352
I1PD1533710169.jpg,169,2268,349
I1PD1533710170.jpg,170,2220,357
I1PD1533710171.jpg,171,2272,356
I1PD1533710172.jpg,172,2281,365
I1PD1533710173.jpg,173,2242,354
I1PD1533710174.jpg,174,2271,351
I1PD1533710175.jpg,175,2271,352
I1PD1533710176.jpg,176,2266,358
I1PD1533710177.jpg,177,2266,270
I1PD1533710178.jpg,178,2276,352
I1PD1533710179.jpg,179,2316,349
I1PD1533710180.jpg,180,2305,357
I1PD1533710181.jpg,181,2302,352
I1PD1533710182.jpg,182,2335,365
I1PD1533710183.jpg,183,2242,354
I1PD1533710184.jpg,184,2283,351
I1PD1533710185.jpg,185,2293,342
I1PD1533710186.jpg,186,2290,354
I1PD1533710187.jpg,187,2274,343
I1PD1533710188.jpg,188,2276,352
I1PD1533710189.jpg,189,2316,349
I1PD1533710190.jpg,190,2305,357
I1PD1533710191.jpg,191,2302,352
I1PD1533710192.jpg,192,2335,352
I1PD1533710193.jpg,193,2242,354
I1PD1533710194.jpg,194,2283,351
I1PD1533710195.jpg,195,2293,371
I1PD1533710196.jpg,196,2290,354
I1PD1533710197.jpg,197,2340,343
I1PD1533710198.jpg,198,2276,352
I1PD1533710199.jpg,199,2316,360
I1PD1533710200.jpg,200,2305,357
I1PD1533710201.jpg,201,2302,350
I1PD1533710202.jpg,202,2335,352
I1PD1533710203.jpg,203,2299,360
I1PD1533710204.jpg,204,2283,343
I1PD1533710205.jpg,205,2313,354
I1PD1533710206.jpg,206,2313,354
I1PD1533710207.jpg,207,2340,343
I1PD1533710208.jpg,208,2311,352
I1PD1533710209.jpg,209,2316,342
I1PD1533710210.jpg,210,2305,357
I1PD1533710211.jpg,211,2291,350
I1PD1533710212.jpg,212,2335,352
I1PD1533710213.jpg,213,2299,341
I1PD1533710214.jpg,214,2318,342
I1PD1533710215.jpg,215,2313,354
I1PD1533710216.jpg,216,2313,365
I1PD1533710217.jpg,217,2340,347
I1PD1533710218.jpg,218,2319,351
I1PD1533710219.jpg,219,2316,342
I1PD1533710220.jpg,220,2337,365
I1PD1533710221.jpg,221,2291,350
I1PD1533710222.jpg,222,2289,352
I1PD1533710223.jpg,223,2242,341
I1PD1533710224.jpg,224,2245,342
I1PD1533710225.jpg,225,2337,354
I1PD1533710226.jpg,226,2313,365
I1PD1533710227.jpg,227,2340,347
I1PD1533710228.jpg,228,2319,363
I1PD1533710229.jpg,229,2316,361
I1PD1533710230.jpg,230,2337,365
I1PD1533710231.jpg,231,2316,357
I1PD1533710232.jpg,232,2289,352
I1PD1533710233.jpg,233,2242,341
I1PD1533710234.jpg,234,2264,351
I1PD1533710235.jpg,235,2337,354
I1PD1533710236.jpg,236,2280,364
I1PD1533710237.jpg,237,2340,347
I1PD1533710238.jpg,238,2319,359
I1PD1533710239.jpg,239,2316,361
I1PD1533710240.jpg,240,2309,365
I1PD1533710241.jpg,241,2316,357
I1PD1533710242.jpg,242,2322,352
I1PD1533710243.jpg,243,2242,341
I1PD1533710244.jpg,244,2264,351
I1PD1533710245.jpg,245,2337,354
I1PD1533710246.jpg,246,2280,357
I1PD1533710247.jpg,247,2340,347
I1PD1533710248.jpg,248,2276,359
I1PD1533710249.jpg,249,2316,361
I1PD1533710250.jpg,250,2309,360
I1PD1533710251.jpg,251,2316,357
I1PD1533710252.jpg,252,2322,359
I1PD1533710253.jpg,253,2242,341
I1PD1533710254.jpg,254,2264,351
I1PD1533710255.jpg,255,2281,354
I1PD1533710256.jpg,256,2280,357
I1PD1533710257.jpg,257,2340,347
I1PD1533710258.jpg,258,2276,343
I1PD1533710259.jpg,259,2316,361
I1PD1533710260.jpg,260,2309,360
I1PD1533710261.jpg,261,2316,357
I1PD1533710262.jpg,262,2322,359
I1PD1533710263.jpg,263,2242,353
I1PD1533710264.jpg,264,2264,351
I1PD1533710265.jpg,265,2281,351
I1PD1533710266.jpg,266,2280,339
I1PD1533710267.jpg,267,2305,357
I1PD1533710268.jpg,268,2276,347
I1PD1533710269.jpg,269,2316,361
I1PD1533710270.jpg,270,2309,345
I1PD1533710271.jpg,271,2316,357
I1PD1533710272.jpg,272,2263,349
I1PD1533710273.jpg,273,2242,353
I1PD1533710274.jpg,274,2264,351
I1PD1533710275.jpg,275,2281,351
I1PD1533710276.jpg,276,2262,339
I1PD1533710277.jpg,277,2305,357
I1PD1533710278.jpg,278,2276,347
I1PD1533710279.jpg,279,2316,361
I1PD1533710280.jpg,280,2309,345
I1PD1533710281.jpg,281,2316,357
I1PD1533710282.jpg,282,2263,349
I1PD1533710283.jpg,283,2242,353
I1PD1533710284.jpg,284,2264,351
I1PD1533710285.jpg,285,2281,351
I1PD1533710286.jpg,286,2262,339
I1PD1533710287.jpg,287,2305,357
I1PD1533710288.jpg,288,2276,347
I1PD1533710289.jpg,289,2316,361
I1PD1533710290.jpg,290,2309,345
I1PD1533710291.jpg,291,2316,357
I1PD1533710292.jpg,292,2263,349
I1PD1533710293.jpg,293,2242,345
I1PD1533710294.jpg,294,2264,351
I1PD1533710295.jpg,295,2274,346
I1PD1533710296.jpg,296,2262,339
I1PD1533710297.jpg,297,2305,357
I1PD1533710298.jpg,298,2276,347
I1PD1533710299.jpg,299,2347,361
I1PD1533710300.jpg,300,2309,345
I1PD1533710301.jpg,301,2320,357
I1PD1533710302.jpg,302,2263,349
I1PD1533710303.jpg,303,2271,357
I1PD1533710304.jpg,304,2299,357
I1PD1533710305.jpg,305,2274,356
I1PD1533710306.jpg,306,2279,353
I1PD1533710307.jpg,307,2305,357
I1PD1533710308.jpg,308,2299,359
I1PD1533710309.jpg,309,2347,361
I1PD1533710310.jpg,310,2309,345
I1PD1533710311.jpg,311,2320,351
I1PD1533710312.jpg,312,2263,349
I1PD1533710313.jpg,313,2271,357
I1PD1533710314.jpg,314,2299,353
I1PD1533710315.jpg,315,2274,356
I1PD1533710316.jpg,316,2279,353
I1PD1533710317.jpg,317,2305,357
I1PD1533710318.jpg,318,2299,359
I1PD1533710319.jpg,319,2347,361
I1PD1533710320.jpg,320,2309,345
I1PD1533710321.jpg,321,2320,351
I1PD1533710322.jpg,322,2263,360
I1PD1533710323.jpg,323,2239,357
I1PD1533710324.jpg,324,2299,353
I1PD1533710325.jpg,325,2274,356
I1PD1533710326.jpg,326,2279,353
I1PD1533710327.jpg,327,2305,357
I1PD1533710328.jpg,328,2299,359
I1PD1533710329.jpg,329,2303,361
I1PD1533710330.jpg,330,2251,359
I1PD1533710331.jpg,331,2320,369
I1PD1533710332.jpg,332,2263,360
I1PD1533710333.jpg,333,2239,357
I1PD1533710334.jpg,334,2299,353
I1PD1533710335.jpg,335,2274,356
I1PD1533710336.jpg,336,2279,353
I1PD1533710337.jpg,337,2244,357
I1PD1533710338.jpg,338,2254,359
I1PD1533710339.jpg,339,2247,350
I1PD1533710340.jpg,340,2251,359
I1PD1533710341.jpg,341,2249,355
I1PD1533710342.jpg,342,2263,360
I1PD1533710343.jpg,343,2211,357
I1PD1533710344.jpg,344,2214,364
I1PD1533710345.jpg,345,2236,361
I1PD1533710346.jpg,346,2258,353
I1PD1533710347.jpg,347,2244,357
I1PD1533710348.jpg,348,2254,359
I1PD1533710349.jpg,349,2247,350
I1PD1533710350.jpg,350,2251,359
I1PD1533710351.jpg,351,2249,355
I1PD1533710352.jpg,352,2263,360
I1PD1533710353.jpg,353,2211,339
I1PD1533710354.jpg,354,2214,364
I1PD1533710355.jpg,355,2236,361
I1PD1533710356.jpg,356,2258,353
I1PD1533710357.jpg,357,2244,357
I1PD1533710358.jpg,358,2254,359
I1PD1533710359.jpg,359,2184,350
I1PD1533710360.jpg,360,2198,339
I1PD1533710361.jpg,361,2284,369
I1PD1533710362.jpg,362,2301,360
I1PD1533710363.jpg,363,2257,347
I1PD1533710364.jpg,364,2273,364
I1PD1533710365.jpg,365,2236,361
I1PD1533710366.jpg,366,2258,353
I1PD1533710367.jpg,367,2244,357
I1PD1533710368.jpg,368,2275,359
I1PD1533710369.jpg,369,2241,350
I1PD1533710370.jpg,370,2276,339
I1PD1533710371.jpg,371,2258,356
I1PD1533710372.jpg,372,2301,360
I1PD1533710373.jpg,373,2257,347
I1PD1533710374.jpg,374,2273,349
I1PD1533710375.jpg,375,2249,361
I1PD1533710376.jpg,376,2258,353
I1PD1533710377.jpg,377,2275,357
I1PD1533710378.jpg,378,2275,359
I1PD1533710379.jpg,379,2241,352
I1PD1533710380.jpg,380,2276,357
I1PD1533710381.jpg,381,2258,358
I1PD1533710382.jpg,382,2301,360
I1PD1533710383.jpg,383,2257,347
I1PD1533710384.jpg,384,2273,340
I1PD1533710385.jpg,385,2270,358
I1PD1533710386.jpg,386,2258,353
I1PD1533710387.jpg,387,2236,357
I1PD1533710388.jpg,388,2275,359
I1PD1533710389.jpg,389,2268,363
I1PD1533710390.jpg,390,2276,357
I1PD1533710391.jpg,391,2258,358
I1PD1533710392.jpg,392,2301,360
I1PD1533710393.jpg,393,2257,353
I1PD1533710394.jpg,394,2273,340
I1PD1533710395.jpg,395,2270,358
I1PD1533710396.jpg,396,2258,353
I1PD1533710397.jpg,397,2236,357
I1PD1533710398.jpg,398,2300,359
I1PD1533710399.jpg,399,2268,359
I1PD1533710400.jpg,400,2276,357
I1PD1533710401.jpg,401,2258,358
I1PD1533710402.jpg,402,2301,360
I1PD1533710403.jpg,403,2257,353
I1PD1533710404.jpg,404,2273,351
I1PD1533710405.jpg,405,2270,358
I1PD1533710406.jpg,406,2258,353
I1PD1533710407.jpg,407,2300,357
I1PD1533710408.jpg,408,2300,355
I1PD1533710409.jpg,409,2302,359
I1PD1533710410.jpg,410,2276,363
I1PD1533710411.jpg,411,2345,358
I1PD1533710412.jpg,412,2301,360
I1PD1533710413.jpg,413,2314,353
I1PD1533710414.jpg,414,2294,351
I1PD1533710415.jpg,415,2309,359
I1PD1533710416.jpg,416,2258,335
I1PD1533710417.jpg,417,2352,357
I1PD1533710418.jpg,418,2322,355
I1PD1533710419.jpg,419,2302,359
I1PD1533710420.jpg,420,2276,363
I1PD1533710421.jpg,421,2328,329
I1PD1533710422.jpg,422,2301,345
I1PD1533710423.jpg,423,2314,353
I1PD1533710424.jpg,424,2324,351
I1PD1533710425.jpg,425,2309,359
I1PD1533710426.jpg,426,2338,347
I1PD1533710427.jpg,427,2352,357
I1PD1533710428.jpg,428,2322,355
I1PD1533710429.jpg,429,2340,359
I1PD1533710430.jpg,430,2347,351
I1PD1533710431.jpg,431,2328,329
I1PD1533710432.jpg,432,2301,345
I1PD1533710433.jpg,433,2249,353
I1PD1533710434.jpg,434,2324,351
I1PD1533710435.jpg,435,2340,359
I1PD1533710436.jpg,436,2338,347
I1PD1533710437.jpg,437,2314,357
I1PD1533710438.jpg,438,2322,355
I1PD1533710439.jpg,439,2248,349
I1PD1533710440.jpg,440,2290,351
I1PD1533710441.jpg,441,2279,355
I1PD1533710442.jpg,442,2301,345
I1PD1533710443.jpg,443,2327,342
I1PD1533710444.jpg,444,2324,351
I1PD1533710445.jpg,445,2286,359
I1PD1533710446.jpg,446,2308,347
I1PD1533710447.jpg,447,2314,357
I1PD1533710448.jpg,448,2322,355
I1PD1533710449.jpg,449,2335,349
I1PD1533710450.jpg,450,2352,357
I1PD1533710451.jpg,451,2315,340
I1PD1533710452.jpg,452,2301,345
I1PD1533710453.jpg,453,2327,342
I1PD1533710454.jpg,454,2324,351
I1PD1533710455.jpg,455,2286,347
I1PD1533710456.jpg,456,2308,347
I1PD1533710457.jpg,457,2314,357
I1PD1533710458.jpg,458,2322,355
I1PD1533710459.jpg,459,2335,349
I1PD1533710460.jpg,460,2262,349
I1PD1533710461.jpg,461,2315,340
I1PD1533710462.jpg,462,2301,345
I1PD1533710463.jpg,463,2315,342
I1PD1533710464.jpg,464,2278,351
I1PD1533710465.jpg,465,2286,354
I1PD1533710466.jpg,466,2308,347
I1PD1533710467.jpg,467,2314,357
I1PD1533710468.jpg,468,2283,355
I1PD1533710469.jpg,469,2292,362
I1PD1533710470.jpg,470,2262,349
I1PD1533710471.jpg,471,2315,352
I1PD1533710472.jpg,472,2301,345
I1PD1533710473.jpg,473,2315,342
I1PD1533710474.jpg,474,2278,351
I1PD1533710475.jpg,475,2286,354
I1PD1533710476.jpg,476,2308,347
I1PD1533710477.jpg,477,2314,357
I1PD1533710478.jpg,478,2283,355
I1PD1533710479.jpg,479,2312,362
I1PD1533710480.jpg,480,2262,349
I1PD1533710481.jpg,481,2315,352
I1PD1533710482.jpg,482,2301,345
I1PD1533710483.jpg,483,2263,357
I1PD1533710484.jpg,484,2278,351
I1PD1533710485.jpg,485,2286,367
I1PD1533710486.jpg,486,2308,347
I1PD1533710487.jpg,487,2314,357
I1PD1533710488.jpg,488,2283,355
I1PD1533710489.jpg,489,2312,362
I1PD1533710490.jpg,490,2262,349
I1PD1533710491.jpg,491,2315,352
I1PD1533710492.jpg,492,2301,345
I1PD1533710493.jpg,493,2263,357
I1PD1533710494.jpg,494,2278,351
I1PD1533710495.jpg,495,2286,340
I1PD1533710496.jpg,496,2308,347
I1PD1533710497.jpg,497,2314,336
I1PD1533710498.jpg,498,2283,355
I1PD1533710499.jpg,499,2312,362
I1PD1533710500.jpg,500,2292,349
I1PD1533710501.jpg,501,2315,352
I1PD1533710502.jpg,502,2301,345
I1PD1533710503.jpg,503,2263,344
I1PD1533710504.jpg,504,2278,351
I1PD1533710505.jpg,505,2286,340
I1PD1533710506.jpg,506,2308,347
I1PD1533710507.jpg,507,2314,349
I1PD1533710508.jpg,508,2283,355
I1PD1533710509.jpg,509,2312,362
I1PD1533710510.jpg,510,2292,349
I1PD1533710511.jpg,511,2315,352
I1PD1533710512.jpg,512,2301,345
I1PD1533710513.jpg,513,2282,357
I1PD1533710514.jpg,514,2278,351
I1PD1533710515.jpg,515,2286,340
I1PD1533710516.jpg,516,2308,330
I1PD1533710517.jpg,517,2314,346
I1PD1533710518.jpg,518,2283,355
I1PD1533710519.jpg,519,2312,362
I1PD1533710520.jpg,520,2292,349
I1PD1533710521.jpg,521,2315,352
I1PD1533710522.jpg,522,2324,353
I1PD1533710523.jpg,523,2282,357
I1PD1533710524.jpg,524,2278,351
I1PD1533710525.jpg,525,2286,340
I1PD1533710526.jpg,526,2308,360
I1PD1533710527.jpg,527,2268,346
I1PD1533710528.jpg,528,2283,367
I1PD1533710529.jpg,529,2276,362
I1PD1533710530.jpg,530,2292,349
I1PD1533710531.jpg,531,2315,352
I1PD1533710532.jpg,532,2324,353
I1PD1533710533.jpg,533,2282,357
I1PD1533710534.jpg,534,2251,351
I1PD1533710535.jpg,535,2286,340
I1PD1533710536.jpg,536,2283,360
I1PD1533710537.jpg,537,2268,346
I1PD1533710538.jpg,538,2283,357
I1PD1533710539.jpg,539,2276,362
I1PD1533710540.jpg,540,2292,349
I1PD1533710541.jpg,541,2315,352
I1PD1533710542.jpg,542,2299,353
I1PD1533710543.jpg,543,2282,350
I1PD1533710544.jpg,544,2274,351
I1PD1533710545.jpg,545,2286,351
I1PD1533710546.jpg,546,2283,360
I1PD1533710547.jpg,547,2268,346
I1PD1533710548.jpg,548,2283,357
I1PD1533710549.jpg,549,2276,348
I1PD1533710550.jpg,550,2292,349
I1PD1533710551.jpg,551,2271,352
I1PD1533710552.jpg,552,2299,353
I1PD1533710553.jpg,553,2266,353
I1PD1533710554.jpg,554,2274,351
I1PD1533710555.jpg,555,2286,351
I1PD1533710556.jpg,556,2283,360
I1PD1533710557.jpg,557,2268,361
I1PD1533710558.jpg,558,2283,357
I1PD1533710559.jpg,559,2276,348
I1PD1533710560.jpg,560,2292,349
I1PD1533710561.jpg,561,2271,352
I1PD1533710562.jpg,562,2299,353
I1PD1533710563.jpg,563,2266,353
I1PD1533710564.jpg,564,2274,351
I1PD1533710565.jpg,565,2286,351
I1PD1533710566.jpg,566,2301,356
I1PD1533710567.jpg,567,2268,347
I1PD1533710568.jpg,568,2283,357
I1PD1533710569.jpg,569,2276,371
I1PD1533710570.jpg,570,2265,357
I1PD1533710571.jpg,571,2302,352
I1PD1533710572.jpg,572,2299,353
I1PD1533710573.jpg,573,2266,353
I1PD1533710574.jpg,574,2274,351
I1PD1533710575.jpg,575,2286,351
I1PD1533710576.jpg,576,2301,356
I1PD1533710577.jpg,577,2282,357
I1PD1533710578.jpg,578,2283,350
I1PD1533710579.jpg,579,2276,357
I1PD1533710580.jpg,580,2286,357
I1PD1533710581.jpg,581,2302,352
I1PD1533710582.jpg,582,2299,353
I1PD1533710583.jpg,583,2266,353
I1PD1533710584.jpg,584,2274,351
I1PD1533710585.jpg,585,2286,351
I1PD1533710586.jpg,586,2301,356
I1PD1533710587.jpg,587,2282,357
I1PD1533710588.jpg,588,2283,350
I1PD1533710589.jpg,589,2276,357
I1PD1533710590.jpg,590,2286,357
I1PD1533710591.jpg,591,2302,352
I1PD1533710592.jpg,592,2299,353
I1PD1533710593.jpg,593,2266,353
I1PD1533710594.jpg,594,2274,351
I1PD1533710595.jpg,595,2286,351
I1PD1533710596.jpg,596,2301,356
I1PD1533710597.jpg,597,2282,357
I1PD1533710598.jpg,598,2283,350
I1PD1533710599.jpg,599,2313,357
I1PD1533710600.jpg,600,2332,357
I1PD1533710601.jpg,601,2331,352
I1PD1533710602.jpg,602,2335,353
I1PD1533710603.jpg,603,2316,347
I1PD1533710604.jpg,604,2316,351
I1PD1533710605.jpg,605,2298,376
I1PD1533710606.jpg,606,2301,356
I1PD1533710607.jpg,607,2294,355
I1PD1533710608.jpg,608,2283,350
I1PD1533710609.jpg,609,2279,359
I1PD1533710610.jpg,610,2305,357
I1PD1533710611.jpg,611,2311,351
I1PD1533710612.jpg,612,2335,353
I1PD1533710613.jpg,613,2300,356
I1PD1533710614.jpg,614,2316,351
I1PD1533710615.jpg,615,2299,365
I1PD1533710616.jpg,616,2301,356
I1PD1533710617.jpg,617,2306,362
I1PD1533710618.jpg,618,2283,350
I1PD1533710619.jpg,619,2293,356
I1PD1533710620.jpg,620,2305,357
I1PD1533710621.jpg,621,2317,349
I1PD1533710622.jpg,622,2335,353
I1PD1533710623.jpg,623,2300,340
I1PD1533710624.jpg,624,2316,351
I1PD1533710625.jpg,625,2299,365
I1PD1533710626.jpg,626,2275,356
I1PD1533710627.jpg,627,2306,362
I1PD1533710628.jpg,628,2283,350
I1PD1533710629.jpg,629,2293,356
I1PD1533710630.jpg,630,2305,357
I1PD1533710631.jpg,631,2302,349
I1PD1533710632.jpg,632,2303,353
I1PD1533710633.jpg,633,2300,340
I1PD1533710634.jpg,634,2256,351
I1PD1533710635.jpg,635,2299,365
I1PD1533710636.jpg,636,2275,356
I1PD1533710637.jpg,637,2306,362
I1PD1533710638.jpg,638,2283,350
I1PD1533710639.jpg,639,2293,356
I1PD1533710640.jpg,640,2305,357
I1PD1533710641.jpg,641,2302,349
I1PD1533710642.jpg,642,2303,353
I1PD1533710643.jpg,643,2253,356
I1PD1533710644.jpg,644,2294,343
I1PD1533710645.jpg,645,2299,365
I1PD1533710646.jpg,646,2304,340
I1PD1533710647.jpg,647,2306,362
I1PD1533710648.jpg,648,2283,350
I1PD1533710649.jpg,649,2293,370
I1PD1533710650.jpg,650,2305,357
I1PD1533710651.jpg,651,2302,349
I1PD1533710652.jpg,652,2303,353
I1PD1533710653.jpg,653,2253,356
I1PD1533710654.jpg,654,2294,343
I1PD1533710655.jpg,655,2299,365
I1PD1533710656.jpg,656,2304,340
I1PD1533710657.jpg,657,2306,354
I1PD1533710658.jpg,658,2283,350
I1PD1533710659.jpg,659,2293,356
I1PD1533710660.jpg,660,2305,357
I1PD1533710661.jpg,661,2302,349
I1PD1533710662.jpg,662,2303,353
I1PD1533710663.jpg,663,2253,356
I1PD1533710664.jpg,664,2294,343
I1PD1533710665.jpg,665,2299,370
I1PD1533710666.jpg,666,2304,340
I1PD1533710667.jpg,667,2306,354
I1PD1533710668.jpg,668,2283,350
I1PD1533710669.jpg,669,2293,346
I1PD1533710670.jpg,670,2305,357
I1PD1533710671.jpg,671,2302,347
I1PD1533710672.jpg,672,2303,353
I1PD1533710673.jpg,673,2253,356
I1PD1533710674.jpg,674,2294,343
I1PD1533710675.jpg,675,2299,346
I1PD1533710676.jpg,676,2265,347
I1PD1533710677.jpg,677,2288,355
I1PD1533710678.jpg,678,2283,348
I1PD1533710679.jpg,679,2293,337
I1PD1533710680.jpg,680,2305,357
I1PD1533710681.jpg,681,2302,347
I1PD1533710682.jpg,682,2283,353
I1PD1533710683.jpg,683,2253,356
I1PD1533710684.jpg,684,2282,347
I1PD1533710685.jpg,685,2299,346
I1PD1533710686.jpg,686,2287,361
I1PD1533710687.jpg,687,2288,355
I1PD1533710688.jpg,688,2276,349
I1PD1533710689.jpg,689,2293,337
I1PD1533710690.jpg,690,2305,348
I1PD1533710691.jpg,691,2302,347
I1PD1533710692.jpg,692,2311,351
I1PD1533710693.jpg,693,2273,350
I1PD1533710694.jpg,694,2294,354
I1PD1533710695.jpg,695,2287,361
I1PD1533710696.jpg,696,2243,354
I1PD1533710697.jpg,697,2351,355
I1PD1533710698.jpg,698,2283,348
I1PD1533710699.jpg,699,2293,346
I1PD1533710700.jpg,700,2305,355
I1PD1533710701.jpg,701,2302,355
I1PD1533710702.jpg,702,2311,357
I1PD1533710703.jpg,703,2273,356
I1PD1533710704.jpg,704,2294,345
I1PD1533710705.jpg,705,2310,349
I1PD1533710706.jpg,706,2287,364
I1PD1533710707.jpg,707,2351,339
I1PD1533710708.jpg,708,2310,353
I1PD1533710709.jpg,709,2293,352
I1PD1533710710.jpg,710,2305,355
I1PD1533710711.jpg,711,2302,344
I1PD1533710712.jpg,712,2311,351
I1PD1533710713.jpg,713,2273,344
I1PD1533710714.jpg,714,2294,337
I1PD1533710715.jpg,715,2310,352
I1PD1533710716.jpg,716,2287,348
I1PD1533710717.jpg,717,2351,359
I1PD1533710718.jpg,718,2310,353
I1PD1533710719.jpg,719,2323,352
I1PD1533710720.jpg,720,2305,355
I1PD1533710721.jpg,721,2302,344
I1PD1533710722.jpg,722,2311,351
