I1KG12900001.tif,1,2550,3300
I1KG12900002.tif,2,2550,3300
I1KG12900003.jpg,3,1985,369
I1KG12900004.jpg,4,2022,403
I1KG12900005.jpg,5,2022,416
I1KG12900006.jpg,6,2022,403
I1KG12900007.jpg,7,2022,416
I1KG12900008.jpg,8,2022,403
I1KG12900009.jpg,9,2022,416
I1KG12900010.jpg,10,2022,403
I1KG12900011.jpg,11,2022,416
I1KG12900012.jpg,12,2022,403
I1KG12900013.jpg,13,2022,416
I1KG12900014.jpg,14,2022,403
I1KG12900015.jpg,15,2022,416
I1KG12900016.jpg,16,2022,403
I1KG12900017.jpg,17,2022,416
I1KG12900018.jpg,18,2022,403
I1KG12900019.jpg,19,2022,416
I1KG12900020.jpg,20,2022,403
I1KG12900021.jpg,21,2022,416
I1KG12900022.jpg,22,2022,403
I1KG12900023.jpg,23,2022,416
I1KG12900024.jpg,24,2022,403
I1KG12900025.jpg,25,2022,416
I1KG12900026.jpg,26,2022,403
I1KG12900027.jpg,27,2022,416
I1KG12900028.jpg,28,2022,403
I1KG12900029.jpg,29,2022,416
I1KG12900030.jpg,30,2022,403
I1KG12900031.jpg,31,2022,416
I1KG12900032.jpg,32,2022,403
I1KG12900033.jpg,33,2022,416
I1KG12900034.jpg,34,2022,403
I1KG12900035.jpg,35,2022,416
I1KG12900036.jpg,36,2022,403
I1KG12900037.jpg,37,2022,416
I1KG12900038.jpg,38,2022,403
I1KG12900039.jpg,39,2022,416
I1KG12900040.jpg,40,2022,403
I1KG12900041.jpg,41,2022,416
I1KG12900042.jpg,42,2022,403
I1KG12900043.jpg,43,2022,416
I1KG12900044.jpg,44,2022,403
I1KG12900045.jpg,45,2022,416
I1KG12900046.jpg,46,2022,403
I1KG12900047.jpg,47,2022,416
I1KG12900048.jpg,48,2022,403
I1KG12900049.jpg,49,2022,416
I1KG12900050.jpg,50,2022,403
I1KG12900051.jpg,51,2022,416
I1KG12900052.jpg,52,2022,403
I1KG12900053.jpg,53,2022,416
I1KG12900054.jpg,54,2022,403
I1KG12900055.jpg,55,2022,416
I1KG12900056.jpg,56,2022,403
I1KG12900057.jpg,57,2022,416
I1KG12900058.jpg,58,2022,403
I1KG12900059.jpg,59,2022,416
I1KG12900060.jpg,60,2022,403
I1KG12900061.jpg,61,2022,416
I1KG12900062.jpg,62,2022,403
I1KG12900063.jpg,63,2022,416
I1KG12900064.jpg,64,2022,403
I1KG12900065.jpg,65,2022,416
I1KG12900066.jpg,66,2022,403
I1KG12900067.jpg,67,2022,416
I1KG12900068.jpg,68,2022,403
I1KG12900069.jpg,69,2022,416
I1KG12900070.jpg,70,2022,403
I1KG12900071.jpg,71,2022,416
I1KG12900072.jpg,72,2022,403
I1KG12900073.jpg,73,2022,416
I1KG12900074.jpg,74,2022,403
I1KG12900075.jpg,75,2022,416
I1KG12900076.jpg,76,2022,403
I1KG12900077.jpg,77,2022,416
I1KG12900078.jpg,78,2022,403
I1KG12900079.jpg,79,2022,416
I1KG12900080.jpg,80,2022,403
I1KG12900081.jpg,81,2022,416
I1KG12900082.jpg,82,2022,403
I1KG12900083.jpg,83,2022,416
I1KG12900084.jpg,84,2022,403
I1KG12900085.jpg,85,2022,416
I1KG12900086.jpg,86,2022,403
I1KG12900087.jpg,87,2022,416
I1KG12900088.jpg,88,2022,403
I1KG12900089.jpg,89,2022,416
I1KG12900090.jpg,90,2022,403
I1KG12900091.jpg,91,2022,416
I1KG12900092.jpg,92,2022,403
I1KG12900093.jpg,93,2022,416
I1KG12900094.jpg,94,2022,403
I1KG12900095.jpg,95,2022,416
I1KG12900096.jpg,96,2022,403
I1KG12900097.jpg,97,2022,416
I1KG12900098.jpg,98,2022,403
I1KG12900099.jpg,99,2022,416
I1KG12900100.jpg,100,2022,403
I1KG12900101.jpg,101,2022,416
I1KG12900102.jpg,102,2022,403
I1KG12900103.jpg,103,2022,416
I1KG12900104.jpg,104,2022,403
I1KG12900105.jpg,105,2022,416
I1KG12900106.jpg,106,2022,403
I1KG12900107.jpg,107,2022,416
I1KG12900108.jpg,108,2022,403
I1KG12900109.jpg,109,2022,416
I1KG12900110.jpg,110,2022,403
I1KG12900111.jpg,111,2022,416
I1KG12900112.jpg,112,2022,403
I1KG12900113.jpg,113,2022,416
I1KG12900114.jpg,114,2022,403
I1KG12900115.jpg,115,2022,416
I1KG12900116.jpg,116,2022,403
I1KG12900117.jpg,117,2022,416
I1KG12900118.jpg,118,2022,403
I1KG12900119.jpg,119,2022,416
I1KG12900120.jpg,120,2022,403
I1KG12900121.jpg,121,2022,416
I1KG12900122.jpg,122,2020,356
