I1NLM73_0010001.jpg,1,2400,979
I1NLM73_0010002.jpg,2,2400,979
I1NLM73_0010003.jpg,3,2400,979
I1NLM73_0010004.jpg,4,2400,979
I1NLM73_0010005.jpg,5,2400,979
I1NLM73_0010006.jpg,6,2400,979
I1NLM73_0010007.jpg,7,2400,979
I1NLM73_0010008.jpg,8,2400,979
I1NLM73_0010009.jpg,9,2400,979
I1NLM73_0010010.jpg,10,2400,979
I1NLM73_0010011.jpg,11,2400,979
I1NLM73_0010012.jpg,12,2400,979
I1NLM73_0010013.jpg,13,2400,979
I1NLM73_0010014.jpg,14,2400,977
I1NLM73_0010015.jpg,15,2400,962
I1NLM73_0010016.jpg,16,2400,962
I1NLM73_0010017.jpg,17,2400,974
I1NLM73_0010018.jpg,18,2400,962
I1NLM73_0010019.jpg,19,2400,962
I1NLM73_0010020.jpg,20,2400,970
I1NLM73_0010021.jpg,21,2400,970
I1NLM73_0010022.jpg,22,2400,968
I1NLM73_0010023.jpg,23,2400,967
I1NLM73_0010024.jpg,24,2400,962
I1NLM73_0010025.jpg,25,2400,965
I1NLM73_0010026.jpg,26,2400,963
I1NLM73_0010027.jpg,27,2400,963
I1NLM73_0010028.jpg,28,2400,971
I1NLM73_0010029.jpg,29,2400,974
I1NLM73_0010030.jpg,30,2400,974
I1NLM73_0010031.jpg,31,2400,974
I1NLM73_0010032.jpg,32,2400,974
I1NLM73_0010033.jpg,33,2400,974
I1NLM73_0010034.jpg,34,2400,974
I1NLM73_0010035.jpg,35,2400,974
I1NLM73_0010036.jpg,36,2400,974
I1NLM73_0010037.jpg,37,2400,974
I1NLM73_0010038.jpg,38,2400,974
I1NLM73_0010039.jpg,39,2400,974
I1NLM73_0010040.jpg,40,2400,974
I1NLM73_0010041.jpg,41,2400,916
I1NLM73_0010042.jpg,42,2400,900
I1NLM73_0010043.jpg,43,2400,906
I1NLM73_0010044.jpg,44,2400,913
I1NLM73_0010045.jpg,45,2400,910
I1NLM73_0010046.jpg,46,2400,912
I1NLM73_0010047.jpg,47,2400,974
I1NLM73_0010048.jpg,48,2400,974
I1NLM73_0010049.jpg,49,2400,967
I1NLM73_0010050.jpg,50,2400,967
I1NLM73_0010051.jpg,51,2400,967
I1NLM73_0010052.jpg,52,2400,967
I1NLM73_0010053.jpg,53,2400,967
I1NLM73_0010054.jpg,54,2400,967
I1NLM73_0010055.jpg,55,2400,967
I1NLM73_0010056.jpg,56,2400,967
I1NLM73_0010057.jpg,57,2400,967
I1NLM73_0010058.jpg,58,2400,967
I1NLM73_0010059.jpg,59,2400,970
I1NLM73_0010060.jpg,60,2400,967
I1NLM73_0010061.jpg,61,2400,967
I1NLM73_0010062.jpg,62,2400,967
I1NLM73_0010063.jpg,63,2400,982
I1NLM73_0010064.jpg,64,2400,967
I1NLM73_0010065.jpg,65,2400,983
I1NLM73_0010066.jpg,66,2400,970
I1NLM73_0010067.jpg,67,2400,976
I1NLM73_0010068.jpg,68,2400,978
I1NLM73_0010069.jpg,69,2400,978
I1NLM73_0010070.jpg,70,2400,978
I1NLM73_0010071.jpg,71,2400,978
I1NLM73_0010072.jpg,72,2400,978
I1NLM73_0010073.jpg,73,2400,978
I1NLM73_0010074.jpg,74,2400,978
I1NLM73_0010075.jpg,75,2400,993
I1NLM73_0010076.jpg,76,2400,999
I1NLM73_0010077.jpg,77,2400,978
I1NLM73_0010078.jpg,78,2400,996
I1NLM73_0010079.jpg,79,2400,965
I1NLM73_0010080.jpg,80,2400,964
I1NLM73_0010081.jpg,81,2400,964
I1NLM73_0010082.jpg,82,2400,964
I1NLM73_0010083.jpg,83,2400,964
I1NLM73_0010084.jpg,84,2400,964
I1NLM73_0010085.jpg,85,2400,964
I1NLM73_0010086.jpg,86,2400,964
I1NLM73_0010087.jpg,87,2400,964
I1NLM73_0010088.jpg,88,2400,964
I1NLM73_0010089.jpg,89,2400,883
I1NLM73_0010090.jpg,90,2400,883
I1NLM73_0010091.jpg,91,2400,892
I1NLM73_0010092.jpg,92,2400,892
I1NLM73_0010093.jpg,93,2400,895
I1NLM73_0010094.jpg,94,2400,892
I1NLM73_0010095.jpg,95,2400,892
I1NLM73_0010096.jpg,96,2400,892
I1NLM73_0010097.jpg,97,2400,892
I1NLM73_0010098.jpg,98,2400,892
I1NLM73_0010099.jpg,99,2400,892
I1NLM73_0010100.jpg,100,2400,892
I1NLM73_0010101.jpg,101,2400,926
I1NLM73_0010102.jpg,102,2400,935
I1NLM73_0010103.jpg,103,2400,937
I1NLM73_0010104.jpg,104,2400,937
I1NLM73_0010105.jpg,105,2400,937
I1NLM73_0010106.jpg,106,2400,937
I1NLM73_0010107.jpg,107,2400,937
I1NLM73_0010108.jpg,108,2400,937
I1NLM73_0010109.jpg,109,2400,937
I1NLM73_0010110.jpg,110,2400,937
I1NLM73_0010111.jpg,111,2400,937
I1NLM73_0010112.jpg,112,2400,937
I1NLM73_0010113.jpg,113,2400,937
I1NLM73_0010114.jpg,114,2400,937
I1NLM73_0010115.jpg,115,2400,937
I1NLM73_0010116.jpg,116,2400,937
I1NLM73_0010117.jpg,117,2400,937
I1NLM73_0010118.jpg,118,2400,937
I1NLM73_0010119.jpg,119,2400,937
I1NLM73_0010120.jpg,120,2400,937
I1NLM73_0010121.jpg,121,2400,937
I1NLM73_0010122.jpg,122,2400,937
I1NLM73_0010123.jpg,123,2400,937
I1NLM73_0010124.jpg,124,2400,937
I1NLM73_0010125.jpg,125,2400,937
I1NLM73_0010126.jpg,126,2400,918
I1NLM73_0010127.jpg,127,2400,897
I1NLM73_0010128.jpg,128,2400,900
I1NLM73_0010129.jpg,129,2400,898
I1NLM73_0010130.jpg,130,2400,908
I1NLM73_0010131.jpg,131,2400,979
I1NLM73_0010132.jpg,132,2400,979
I1NLM73_0010133.jpg,133,2400,979
I1NLM73_0010134.jpg,134,2400,979
I1NLM73_0010135.jpg,135,2400,955
I1NLM73_0010136.jpg,136,2400,957
I1NLM73_0010137.jpg,137,2400,957
I1NLM73_0010138.jpg,138,2400,965
I1NLM73_0010139.jpg,139,2400,969
I1NLM73_0010140.jpg,140,2400,966
I1NLM73_0010141.jpg,141,2400,970
I1NLM73_0010142.jpg,142,2400,970
I1NLM73_0010143.jpg,143,2400,970
I1NLM73_0010144.jpg,144,2400,970
I1NLM73_0010145.jpg,145,2400,970
I1NLM73_0010146.jpg,146,2400,970
I1NLM73_0010147.jpg,147,2400,970
I1NLM73_0010148.jpg,148,2400,970
I1NLM73_0010149.jpg,149,2400,970
I1NLM73_0010150.jpg,150,2400,970
I1NLM73_0010151.jpg,151,2400,948
I1NLM73_0010152.jpg,152,2400,958
I1NLM73_0010153.jpg,153,2400,948
I1NLM73_0010154.jpg,154,2400,948
I1NLM73_0010155.jpg,155,2400,948
I1NLM73_0010156.jpg,156,2400,948
I1NLM73_0010157.jpg,157,2400,948
I1NLM73_0010158.jpg,158,2400,956
I1NLM73_0010159.jpg,159,2400,895
I1NLM73_0010160.jpg,160,2400,895
I1NLM73_0010161.jpg,161,2400,895
I1NLM73_0010162.jpg,162,2400,895
I1NLM73_0010163.jpg,163,2400,895
I1NLM73_0010164.jpg,164,2400,895
I1NLM73_0010165.jpg,165,2400,895
I1NLM73_0010166.jpg,166,2400,895
I1NLM73_0010167.jpg,167,2400,908
I1NLM73_0010168.jpg,168,2400,908
I1NLM73_0010169.jpg,169,2400,901
I1NLM73_0010170.jpg,170,2400,908
I1NLM73_0010171.jpg,171,2400,914
I1NLM73_0010172.jpg,172,2400,913
I1NLM73_0010173.jpg,173,2400,912
I1NLM73_0010174.jpg,174,2400,917
I1NLM73_0010175.jpg,175,2400,909
I1NLM73_0010176.jpg,176,2400,915
I1NLM73_0010177.jpg,177,2400,729
I1NLM73_0010178.jpg,178,2400,729
I1NLM73_0010179.jpg,179,2400,729
I1NLM73_0010180.jpg,180,2400,729
I1NLM73_0010181.jpg,181,2400,735
I1NLM73_0010182.jpg,182,2400,729
I1NLM73_0010183.jpg,183,2400,734
I1NLM73_0010184.jpg,184,2400,729
I1NLM73_0010185.jpg,185,2400,742
I1NLM73_0010186.jpg,186,2400,738
I1NLM73_0010187.jpg,187,2400,729
I1NLM73_0010188.jpg,188,2400,729
I1NLM73_0010189.jpg,189,2400,746
I1NLM73_0010190.jpg,190,2400,729
I1NLM73_0010191.jpg,191,2400,729
I1NLM73_0010192.jpg,192,2400,729
I1NLM73_0010193.jpg,193,2400,749
I1NLM73_0010194.jpg,194,2400,729
I1NLM73_0010195.jpg,195,2400,729
I1NLM73_0010196.jpg,196,2400,729
I1NLM73_0010197.jpg,197,2400,729
I1NLM73_0010198.jpg,198,2400,729
I1NLM73_0010199.jpg,199,2400,729
I1NLM73_0010200.jpg,200,2400,729
I1NLM73_0010201.jpg,201,2400,729
I1NLM73_0010202.jpg,202,2400,729
I1NLM73_0010203.jpg,203,2400,739
I1NLM73_0010204.jpg,204,2400,729
I1NLM73_0010205.jpg,205,2400,729
I1NLM73_0010206.jpg,206,2400,729
I1NLM73_0010207.jpg,207,2400,729
I1NLM73_0010208.jpg,208,2400,729
I1NLM73_0010209.jpg,209,2400,747
I1NLM73_0010210.jpg,210,2400,735
I1NLM73_0010211.jpg,211,2400,985
I1NLM73_0010212.jpg,212,2400,985
I1NLM73_0010213.jpg,213,2400,985
I1NLM73_0010214.jpg,214,2400,985
I1NLM73_0010215.jpg,215,2400,985
I1NLM73_0010216.jpg,216,2400,985
I1NLM73_0010217.jpg,217,2400,985
I1NLM73_0010218.jpg,218,2400,985
I1NLM73_0010219.jpg,219,2400,998
I1NLM73_0010220.jpg,220,2400,1001
I1NLM73_0010221.jpg,221,2400,840
I1NLM73_0010222.jpg,222,2400,840
I1NLM73_0010223.jpg,223,2400,840
I1NLM73_0010224.jpg,224,2400,840
I1NLM73_0010225.jpg,225,2400,840
I1NLM73_0010226.jpg,226,2400,840
I1NLM73_0010227.jpg,227,2400,840
I1NLM73_0010228.jpg,228,2400,840
I1NLM73_0010229.jpg,229,2400,840
I1NLM73_0010230.jpg,230,2400,840
I1NLM73_0010231.jpg,231,2400,840
I1NLM73_0010232.jpg,232,2400,851
I1NLM73_0010233.jpg,233,2400,846
I1NLM73_0010234.jpg,234,2400,846
I1NLM73_0010235.jpg,235,2400,846
I1NLM73_0010236.jpg,236,2400,846
I1NLM73_0010237.jpg,237,2400,846
I1NLM73_0010238.jpg,238,2400,830
I1NLM73_0010239.jpg,239,2400,841
I1NLM73_0010240.jpg,240,2400,846
I1NLM73_0010241.jpg,241,2400,846
I1NLM73_0010242.jpg,242,2400,850
I1NLM73_0010243.jpg,243,2400,846
I1NLM73_0010244.jpg,244,2400,846
I1NLM73_0010245.jpg,245,2400,840
I1NLM73_0010246.jpg,246,2400,846
I1NLM73_0010247.jpg,247,2400,851
I1NLM73_0010248.jpg,248,2400,846
I1NLM73_0010249.jpg,249,2400,897
I1NLM73_0010250.jpg,250,2400,887
I1NLM73_0010251.jpg,251,2400,885
I1NLM73_0010252.jpg,252,2400,897
I1NLM73_0010253.jpg,253,2400,889
I1NLM73_0010254.jpg,254,2400,907
I1NLM73_0010255.jpg,255,2400,903
I1NLM73_0010256.jpg,256,2400,903
I1NLM73_0010257.jpg,257,2400,902
I1NLM73_0010258.jpg,258,2400,898
I1NLM73_0010259.jpg,259,2400,904
I1NLM73_0010260.jpg,260,2400,903
I1NLM73_0010261.jpg,261,2400,895
I1NLM73_0010262.jpg,262,2400,898
I1NLM73_0010263.jpg,263,2400,903
I1NLM73_0010264.jpg,264,2400,899
I1NLM73_0010265.jpg,265,2400,843
I1NLM73_0010266.jpg,266,2400,857
I1NLM73_0010267.jpg,267,2400,871
I1NLM73_0010268.jpg,268,2400,865
I1NLM73_0010269.jpg,269,2400,871
I1NLM73_0010270.jpg,270,2400,871
I1NLM73_0010271.jpg,271,2400,819
I1NLM73_0010272.jpg,272,2400,819
I1NLM73_0010273.jpg,273,2400,819
I1NLM73_0010274.jpg,274,2400,819
I1NLM73_0010275.jpg,275,2400,819
I1NLM73_0010276.jpg,276,2400,819
I1NLM73_0010277.jpg,277,2400,1029
I1NLM73_0010278.jpg,278,2400,1045
I1NLM73_0010279.jpg,279,2400,1045
I1NLM73_0010280.jpg,280,2400,1044
I1NLM73_0010281.jpg,281,2400,1046
I1NLM73_0010282.jpg,282,2400,1037
I1NLM73_0010283.jpg,283,2400,1021
I1NLM73_0010284.jpg,284,2400,1014
