I4CZ3074600001.tif,1,2550,3300
I4CZ3074600002.tif,2,2550,3300
I4CZ3074600003.jpg,3,3824,807
I4CZ3074600004.jpg,4,3822,810
I4CZ3074600005.jpg,5,3822,811
I4CZ3074600006.jpg,6,3769,808
I4CZ3074600007.jpg,7,3799,814
I4CZ3074600008.jpg,8,3820,811
I4CZ3074600009.jpg,9,3837,809
I4CZ3074600010.jpg,10,3778,810
I4CZ3074600011.jpg,11,3769,818
I4CZ3074600012.jpg,12,3823,812
I4CZ3074600013.jpg,13,3826,815
I4CZ3074600014.jpg,14,3827,812
I4CZ3074600015.jpg,15,3825,814
I4CZ3074600016.jpg,16,3803,816
I4CZ3074600017.jpg,17,3831,817
I4CZ3074600018.jpg,18,3816,813
I4CZ3074600019.jpg,19,3828,816
I4CZ3074600020.jpg,20,3823,817
I4CZ3074600021.jpg,21,3826,816
I4CZ3074600022.jpg,22,3811,815
I4CZ3074600023.jpg,23,3791,824
I4CZ3074600024.jpg,24,3777,812
I4CZ3074600025.jpg,25,3816,819
I4CZ3074600026.jpg,26,3831,813
I4CZ3074600027.jpg,27,3838,832
I4CZ3074600028.jpg,28,3808,813
I4CZ3074600029.jpg,29,3811,823
I4CZ3074600030.jpg,30,3751,813
I4CZ3074600031.jpg,31,3764,818
I4CZ3074600032.jpg,32,3823,808
I4CZ3074600033.jpg,33,3829,822
I4CZ3074600034.jpg,34,3819,814
I4CZ3074600035.jpg,35,3839,818
I4CZ3074600036.jpg,36,3835,826
I4CZ3074600037.jpg,37,3831,823
I4CZ3074600038.jpg,38,3841,821
I4CZ3074600039.jpg,39,3836,824
I4CZ3074600040.jpg,40,3829,812
I4CZ3074600041.jpg,41,3843,824
I4CZ3074600042.jpg,42,3833,819
I4CZ3074600043.jpg,43,3838,817
I4CZ3074600044.jpg,44,3794,816
I4CZ3074600045.jpg,45,3814,822
I4CZ3074600046.jpg,46,3812,819
I4CZ3074600047.jpg,47,3825,833
I4CZ3074600048.jpg,48,3839,818
I4CZ3074600049.jpg,49,3845,823
I4CZ3074600050.jpg,50,3849,821
I4CZ3074600051.jpg,51,3848,823
I4CZ3074600052.jpg,52,3836,820
I4CZ3074600053.jpg,53,3843,823
I4CZ3074600054.jpg,54,3835,822
I4CZ3074600055.jpg,55,3840,824
I4CZ3074600056.jpg,56,3811,816
I4CZ3074600057.jpg,57,3794,818
I4CZ3074600058.jpg,58,3813,814
I4CZ3074600059.jpg,59,3809,820
I4CZ3074600060.jpg,60,3844,818
I4CZ3074600061.jpg,61,3842,823
I4CZ3074600062.jpg,62,3832,816
I4CZ3074600063.jpg,63,3838,826
I4CZ3074600064.jpg,64,3845,820
I4CZ3074600065.jpg,65,3850,826
I4CZ3074600066.jpg,66,3838,813
I4CZ3074600067.jpg,67,3830,817
I4CZ3074600068.jpg,68,3842,819
I4CZ3074600069.jpg,69,3843,821
I4CZ3074600070.jpg,70,3838,822
I4CZ3074600071.jpg,71,3842,820
I4CZ3074600072.jpg,72,3839,818
I4CZ3074600073.jpg,73,3839,820
I4CZ3074600074.jpg,74,3834,818
I4CZ3074600075.jpg,75,3845,824
I4CZ3074600076.jpg,76,3841,819
I4CZ3074600077.jpg,77,3842,824
I4CZ3074600078.jpg,78,3843,815
I4CZ3074600079.jpg,79,3846,823
I4CZ3074600080.jpg,80,3842,820
I4CZ3074600081.jpg,81,3839,824
I4CZ3074600082.jpg,82,3799,815
I4CZ3074600083.jpg,83,3809,821
I4CZ3074600084.jpg,84,3809,818
I4CZ3074600085.jpg,85,3826,820
I4CZ3074600086.jpg,86,3829,816
I4CZ3074600087.jpg,87,3841,820
I4CZ3074600088.jpg,88,3821,813
I4CZ3074600089.jpg,89,3808,812
I4CZ3074600090.jpg,90,3809,812
I4CZ3074600091.jpg,91,3837,822
I4CZ3074600092.jpg,92,3780,806
I4CZ3074600093.jpg,93,3803,824
I4CZ3074600094.jpg,94,3804,814
I4CZ3074600095.jpg,95,3844,826
I4CZ3074600096.jpg,96,3835,814
I4CZ3074600097.jpg,97,3834,818
I4CZ3074600098.jpg,98,3822,815
I4CZ3074600099.jpg,99,3841,819
I4CZ3074600100.jpg,100,3815,813
I4CZ3074600101.jpg,101,3812,820
I4CZ3074600102.jpg,102,3809,810
I4CZ3074600103.jpg,103,3797,821
I4CZ3074600104.jpg,104,3790,810
I4CZ3074600105.jpg,105,3835,820
I4CZ3074600106.jpg,106,3843,815
I4CZ3074600107.jpg,107,3835,818
I4CZ3074600108.jpg,108,3846,814
I4CZ3074600109.jpg,109,3833,822
I4CZ3074600110.jpg,110,3835,812
I4CZ3074600111.jpg,111,3819,820
I4CZ3074600112.jpg,112,3814,814
I4CZ3074600113.jpg,113,3781,818
I4CZ3074600114.jpg,114,3773,817
I4CZ3074600115.jpg,115,3806,820
I4CZ3074600116.jpg,116,3794,810
I4CZ3074600117.jpg,117,3838,818
I4CZ3074600118.jpg,118,3822,815
I4CZ3074600119.jpg,119,3828,817
I4CZ3074600120.jpg,120,3821,815
I4CZ3074600121.jpg,121,3834,814
I4CZ3074600122.jpg,122,3828,812
I4CZ3074600123.jpg,123,3838,818
I4CZ3074600124.jpg,124,3813,812
I4CZ3074600125.jpg,125,3802,818
I4CZ3074600126.jpg,126,3787,810
I4CZ3074600127.jpg,127,3837,822
I4CZ3074600128.jpg,128,3847,813
I4CZ3074600129.jpg,129,3808,815
I4CZ3074600130.jpg,130,3794,810
I4CZ3074600131.jpg,131,3817,821
I4CZ3074600132.jpg,132,3795,808
I4CZ3074600133.jpg,133,3843,819
I4CZ3074600134.jpg,134,3843,814
I4CZ3074600135.jpg,135,3848,819
I4CZ3074600136.jpg,136,3832,813
I4CZ3074600137.jpg,137,3848,821
I4CZ3074600138.jpg,138,3820,811
I4CZ3074600139.jpg,139,3801,815
I4CZ3074600140.jpg,140,3794,808
I4CZ3074600141.jpg,141,3849,823
I4CZ3074600142.jpg,142,3839,812
I4CZ3074600143.jpg,143,3840,816
I4CZ3074600144.jpg,144,3838,815
I4CZ3074600145.jpg,145,3823,819
I4CZ3074600146.jpg,146,3805,807
I4CZ3074600147.jpg,147,3797,813
I4CZ3074600148.jpg,148,3786,810
I4CZ3074600149.jpg,149,3799,824
I4CZ3074600150.jpg,150,3837,811
I4CZ3074600151.jpg,151,3820,819
I4CZ3074600152.jpg,152,3807,810
I4CZ3074600153.jpg,153,3844,820
I4CZ3074600154.jpg,154,3839,814
I4CZ3074600155.jpg,155,3821,811
I4CZ3074600156.jpg,156,3791,811
I4CZ3074600157.jpg,157,3821,818
I4CZ3074600158.jpg,158,3782,812
I4CZ3074600159.jpg,159,3784,806
I4CZ3074600160.jpg,160,3815,806
I4CZ3074600161.jpg,161,3819,810
I4CZ3074600162.jpg,162,3799,805
I4CZ3074600163.jpg,163,3823,805
I4CZ3074600164.jpg,164,3813,798
I4CZ3074600165.jpg,165,3805,802
I4CZ3074600166.jpg,166,3826,810
I4CZ3074600167.jpg,167,3267,940
I4CZ3074600168.jpg,168,3267,970
I4CZ3074600169.jpg,169,3267,897
I4CZ3074600170.jpg,170,3224,955
I4CZ3074600171.jpg,171,3209,970
I4CZ3074600172.jpg,172,3153,973
I4CZ3074600173.jpg,173,3267,897
I4CZ3074600174.jpg,174,3253,897
I4CZ3074600175.jpg,175,3194,897
I4CZ3074600176.jpg,176,3267,940
I4CZ3074600177.jpg,177,3194,897
I4CZ3074600178.jpg,178,3267,897
I4CZ3074600179.jpg,179,3267,897
I4CZ3074600180.jpg,180,3267,897
