I1GS459700001.tif,1,2550,3300
I1GS459700002.tif,2,2550,3300
I1GS459700003.TIF,3,12320,2112
I1GS459700004.TIF,4,12320,2112
I1GS459700005.TIF,5,12320,2112
I1GS459700006.TIF,6,12320,2112
I1GS459700007.TIF,7,12320,2112
I1GS459700008.TIF,8,12320,2112
I1GS459700009.TIF,9,12320,2112
I1GS459700010.TIF,10,12320,2112
I1GS459700011.TIF,11,12320,2112
I1GS459700012.TIF,12,12320,2112
I1GS459700013.TIF,13,12320,2112
I1GS459700014.TIF,14,12320,2112
I1GS459700015.TIF,15,12320,2112
I1GS459700016.TIF,16,12320,2112
I1GS459700017.TIF,17,12320,2112
I1GS459700018.TIF,18,12320,2112
I1GS459700019.TIF,19,12320,2112
I1GS459700020.TIF,20,12320,2112
I1GS459700021.TIF,21,12320,2112
I1GS459700022.TIF,22,12320,2112
I1GS459700023.TIF,23,12320,2112
I1GS459700024.TIF,24,12320,2112
I1GS459700025.TIF,25,12320,2112
I1GS459700026.TIF,26,12320,2112
I1GS459700027.TIF,27,12320,2112
I1GS459700028.TIF,28,12320,2112
I1GS459700029.TIF,29,12320,2112
I1GS459700030.TIF,30,12320,2112
I1GS459700031.TIF,31,12320,2112
I1GS459700032.TIF,32,12320,2112
I1GS459700033.TIF,33,12320,2112
I1GS459700034.TIF,34,12320,2112
I1GS459700035.TIF,35,12320,2112
I1GS459700036.TIF,36,12320,2112
I1GS459700037.TIF,37,12320,2112
I1GS459700038.TIF,38,12320,2112
I1GS459700039.TIF,39,12320,2112
I1GS459700040.TIF,40,12320,2112
I1GS459700041.TIF,41,12320,2112
I1GS459700042.TIF,42,12320,2112
I1GS459700043.TIF,43,12320,2112
I1GS459700044.TIF,44,12320,2112
I1GS459700045.TIF,45,12320,2112
I1GS459700046.TIF,46,12320,2112
I1GS459700047.TIF,47,12320,2112
I1GS459700048.TIF,48,12320,2112
I1GS459700049.TIF,49,12320,2112
I1GS459700050.TIF,50,12320,2112
I1GS459700051.TIF,51,12320,2112
I1GS459700052.TIF,52,12320,2112
I1GS459700053.TIF,53,12320,2112
I1GS459700054.TIF,54,12320,2112
I1GS459700055.TIF,55,12320,2112
I1GS459700056.TIF,56,12320,2112
I1GS459700057.TIF,57,12320,2112
I1GS459700058.TIF,58,12320,2112
I1GS459700059.TIF,59,12320,2112
I1GS459700060.TIF,60,12320,2112
I1GS459700061.TIF,61,12320,2112
I1GS459700062.TIF,62,12320,2112
I1GS459700063.TIF,63,12320,2112
I1GS459700064.TIF,64,12320,2112
I1GS459700065.TIF,65,12320,2112
I1GS459700066.TIF,66,12320,2112
I1GS459700067.TIF,67,12320,2112
I1GS459700068.TIF,68,12320,2112
I1GS459700069.TIF,69,12320,2112
I1GS459700070.TIF,70,12320,2112
I1GS459700071.TIF,71,12320,2112
I1GS459700072.TIF,72,12320,2112
I1GS459700073.TIF,73,12320,2112
I1GS459700074.TIF,74,12320,2112
I1GS459700075.TIF,75,12320,2112
I1GS459700076.TIF,76,12320,2112
I1GS459700077.TIF,77,12320,2112
I1GS459700078.TIF,78,12320,2112
I1GS459700079.TIF,79,12320,2112
I1GS459700080.TIF,80,12320,2112
I1GS459700081.TIF,81,12320,2112
I1GS459700082.TIF,82,12320,2112
I1GS459700083.TIF,83,12320,2112
I1GS459700084.TIF,84,12320,2112
I1GS459700085.TIF,85,12320,2112
I1GS459700086.TIF,86,12320,2112
I1GS459700087.TIF,87,12320,2112
I1GS459700088.TIF,88,12320,2112
I1GS459700089.TIF,89,12320,2112
I1GS459700090.TIF,90,12320,2112
I1GS459700091.TIF,91,12320,2112
I1GS459700092.TIF,92,12320,2112
I1GS459700093.TIF,93,12320,2112
I1GS459700094.TIF,94,12320,2112
I1GS459700095.TIF,95,12320,2112
I1GS459700096.TIF,96,12320,2112
I1GS459700097.TIF,97,12320,2112
I1GS459700098.TIF,98,12320,2112
I1GS459700099.TIF,99,12320,2112
I1GS459700100.TIF,100,12320,2112
I1GS459700101.TIF,101,12320,2112
I1GS459700102.TIF,102,12320,2112
I1GS459700103.TIF,103,12320,2112
I1GS459700104.TIF,104,12320,2112
I1GS459700105.TIF,105,12320,2112
I1GS459700106.TIF,106,12320,2112
I1GS459700107.TIF,107,12320,2112
I1GS459700108.TIF,108,12320,2112
I1GS459700109.TIF,109,12320,2112
I1GS459700110.TIF,110,12320,2112
I1GS459700111.TIF,111,12320,2112
I1GS459700112.TIF,112,12320,2112
I1GS459700113.TIF,113,12320,2112
I1GS459700114.TIF,114,12320,2112
I1GS459700115.TIF,115,12320,2112
I1GS459700116.TIF,116,12320,2112
I1GS459700117.TIF,117,12320,2112
I1GS459700118.TIF,118,12320,2112
I1GS459700119.TIF,119,12320,2112
I1GS459700120.TIF,120,12320,2112
I1GS459700121.TIF,121,12320,2112
I1GS459700122.TIF,122,12320,2112
I1GS459700123.TIF,123,12320,2112
I1GS459700124.TIF,124,12320,2112
I1GS459700125.TIF,125,12320,2112
I1GS459700126.TIF,126,12320,2112
I1GS459700127.TIF,127,12320,2112
I1GS459700128.TIF,128,12320,2112
I1GS459700129.TIF,129,12320,2112
I1GS459700130.TIF,130,12320,2112
I1GS459700131.TIF,131,12320,2112
I1GS459700132.TIF,132,12320,2112
I1GS459700133.TIF,133,12320,2112
I1GS459700134.TIF,134,12320,2112
I1GS459700135.TIF,135,12320,2112
I1GS459700136.TIF,136,12320,2112
I1GS459700137.TIF,137,12320,2112
I1GS459700138.TIF,138,12320,2112
I1GS459700139.TIF,139,12320,2112
I1GS459700140.TIF,140,12320,2112
I1GS459700141.TIF,141,12320,2112
I1GS459700142.TIF,142,12320,2112
I1GS459700143.TIF,143,12320,2112
I1GS459700144.TIF,144,12320,2112
I1GS459700145.TIF,145,12320,2112
I1GS459700146.TIF,146,12320,2112
I1GS459700147.TIF,147,12320,2112
I1GS459700148.TIF,148,12320,2112
I1GS459700149.TIF,149,12320,2112
I1GS459700150.TIF,150,12320,2112
I1GS459700151.TIF,151,12320,2112
I1GS459700152.TIF,152,12320,2112
I1GS459700153.TIF,153,12320,2112
I1GS459700154.TIF,154,12320,2112
I1GS459700155.TIF,155,12320,2112
I1GS459700156.TIF,156,12320,2112
I1GS459700157.TIF,157,12320,2112
I1GS459700158.TIF,158,12320,2112
I1GS459700159.TIF,159,12320,2112
I1GS459700160.TIF,160,12320,2112
I1GS459700161.TIF,161,12320,2112
I1GS459700162.TIF,162,12320,2112
I1GS459700163.TIF,163,12320,2112
I1GS459700164.TIF,164,12320,2112
I1GS459700165.TIF,165,12320,2112
I1GS459700166.TIF,166,12320,2112
I1GS459700167.TIF,167,12320,2112
I1GS459700168.TIF,168,12320,2112
I1GS459700169.TIF,169,12320,2112
I1GS459700170.TIF,170,12320,2112
I1GS459700171.TIF,171,12320,2112
I1GS459700172.TIF,172,12320,2112
I1GS459700173.TIF,173,12320,2112
I1GS459700174.TIF,174,12320,2112
I1GS459700175.TIF,175,12320,2112
I1GS459700176.TIF,176,12320,2112
I1GS459700177.TIF,177,12320,2112
I1GS459700178.TIF,178,12320,2112
I1GS459700179.TIF,179,12320,2112
I1GS459700180.TIF,180,12320,2112
I1GS459700181.TIF,181,12320,2112
I1GS459700182.TIF,182,12320,2112
I1GS459700183.tif,183,12320,2144
I1GS459700184.tif,184,12320,2144
I1GS459700185.tif,185,12320,2144
I1GS459700186.tif,186,12320,2144
I1GS459700187.tif,187,12318,2144
I1GS459700188.tif,188,12318,2144
I1GS459700189.tif,189,12318,2144
I1GS459700190.tif,190,12318,2144
I1GS459700191.tif,191,12318,2144
I1GS459700192.tif,192,12318,2144
I1GS459700193.tif,193,12318,2144
I1GS459700194.tif,194,12318,2144
I1GS459700195.tif,195,12320,2144
I1GS459700196.tif,196,12320,2144
I1GS459700197.tif,197,12320,2144
I1GS459700198.tif,198,12320,2144
I1GS459700199.tif,199,12320,2144
I1GS459700200.tif,200,12320,2144
I1GS459700201.tif,201,12320,2144
I1GS459700202.tif,202,12320,2144
I1GS459700203.tif,203,12320,2144
I1GS459700204.tif,204,12320,2144
I1GS459700205.tif,205,12320,2144
I1GS459700206.tif,206,12320,2144
I1GS459700207.tif,207,12320,2144
I1GS459700208.tif,208,12320,2144
I1GS459700209.tif,209,12320,2144
I1GS459700210.tif,210,12320,2144
I1GS459700211.tif,211,12320,2144
I1GS459700212.tif,212,12320,2144
I1GS459700213.tif,213,12320,2144
I1GS459700214.tif,214,12320,2144
I1GS459700215.tif,215,12320,2144
I1GS459700216.tif,216,12320,2144
I1GS459700217.tif,217,12320,2144
I1GS459700218.tif,218,12320,2144
I1GS459700219.tif,219,12320,2144
I1GS459700220.tif,220,12320,2144
I1GS459700221.tif,221,12320,2144
I1GS459700222.tif,222,12320,2144
I1GS459700223.tif,223,12320,2144
I1GS459700224.tif,224,12320,2144
I1GS459700225.tif,225,12320,2144
I1GS459700226.tif,226,12320,2144
I1GS459700227.tif,227,12320,2144
I1GS459700228.tif,228,12320,2144
I1GS459700229.tif,229,12320,2144
I1GS459700230.tif,230,12320,2144
I1GS459700231.tif,231,12320,2144
I1GS459700232.tif,232,12320,2144
I1GS459700233.tif,233,12320,2144
I1GS459700234.tif,234,12320,2144
I1GS459700235.tif,235,12320,2144
I1GS459700236.tif,236,12320,2144
I1GS459700237.tif,237,12320,2144
I1GS459700238.tif,238,12320,2144
I1GS459700239.tif,239,12320,2144
I1GS459700240.tif,240,12320,2144
I1GS459700241.tif,241,12320,2144
I1GS459700242.tif,242,12320,2144
I1GS459700243.tif,243,12320,2144
I1GS459700244.tif,244,12320,2144
I1GS459700245.tif,245,12320,2144
I1GS459700246.tif,246,12320,2144
I1GS459700247.tif,247,12320,2144
I1GS459700248.tif,248,12320,2144
I1GS459700249.tif,249,12320,2144
I1GS459700250.tif,250,12320,2144
I1GS459700251.tif,251,12320,2144
I1GS459700252.tif,252,12320,2144
I1GS459700253.tif,253,12320,2144
I1GS459700254.tif,254,12320,2144
I1GS459700255.tif,255,12320,2144
I1GS459700256.tif,256,12320,2144
I1GS459700257.tif,257,12320,2144
I1GS459700258.tif,258,12320,2144
I1GS459700259.tif,259,12320,2144
I1GS459700260.tif,260,12320,2144
I1GS459700261.tif,261,12320,2144
I1GS459700262.tif,262,12320,2144
I1GS459700263.tif,263,12320,2144
I1GS459700264.tif,264,12320,2144
I1GS459700265.tif,265,12320,2144
I1GS459700266.tif,266,12320,2144
I1GS459700267.tif,267,12320,2144
I1GS459700268.tif,268,12320,2144
I1GS459700269.tif,269,12320,2144
I1GS459700270.tif,270,12320,2144
I1GS459700271.tif,271,12320,2144
I1GS459700272.tif,272,12320,2144
I1GS459700273.tif,273,12320,2144
I1GS459700274.tif,274,12320,2144
I1GS459700275.tif,275,12320,2144
I1GS459700276.tif,276,12320,2144
I1GS459700277.tif,277,12320,2144
I1GS459700278.tif,278,12320,2144
I1GS459700279.tif,279,12320,2144
I1GS459700280.tif,280,12320,2144
I1GS459700281.tif,281,12320,2144
I1GS459700282.tif,282,12320,2144
I1GS459700283.tif,283,12320,2144
I1GS459700284.tif,284,12320,2144
I1GS459700285.tif,285,12320,2144
I1GS459700286.tif,286,12320,2144
I1GS459700287.tif,287,12320,2144
I1GS459700288.tif,288,12320,2144
I1GS459700289.tif,289,12320,2144
I1GS459700290.tif,290,12320,2144
I1GS459700291.tif,291,12320,2144
I1GS459700292.tif,292,12320,2144
I1GS459700293.tif,293,12320,2144
I1GS459700294.tif,294,12320,2144
I1GS459700295.tif,295,12320,2144
I1GS459700296.tif,296,12320,2144
I1GS459700297.tif,297,12320,2144
I1GS459700298.tif,298,12320,2144
I1GS459700299.tif,299,12320,2144
I1GS459700300.tif,300,12320,2144
I1GS459700301.tif,301,12320,2144
I1GS459700302.tif,302,12320,2144
I1GS459700303.tif,303,12320,2144
I1GS459700304.tif,304,12320,2144
I1GS459700305.tif,305,12320,2144
I1GS459700306.tif,306,12320,2144
I1GS459700307.tif,307,12320,2144
I1GS459700308.tif,308,12320,2144
I1GS459700309.tif,309,12320,2144
I1GS459700310.tif,310,12320,2144
I1GS459700311.tif,311,12320,2144
I1GS459700312.tif,312,12320,2144
I1GS459700313.tif,313,12320,2144
I1GS459700314.tif,314,12320,2144
I1GS459700315.tif,315,12320,2144
I1GS459700316.tif,316,12320,2144
I1GS459700317.tif,317,12320,2144
I1GS459700318.tif,318,12320,2144
I1GS459700319.tif,319,12320,2144
I1GS459700320.tif,320,12320,2144
I1GS459700321.tif,321,12320,2144
I1GS459700322.tif,322,12320,2144
I1GS459700323.tif,323,12320,2144
I1GS459700324.tif,324,12320,2144
I1GS459700325.tif,325,12320,2144
I1GS459700326.tif,326,12320,2144
I1GS459700327.tif,327,12320,2144
I1GS459700328.tif,328,12320,2144
I1GS459700329.tif,329,12320,2144
I1GS459700330.tif,330,12320,2144
I1GS459700331.tif,331,12320,2144
I1GS459700332.tif,332,12320,2144
I1GS459700333.tif,333,12320,2144
I1GS459700334.tif,334,12320,2144
I1GS459700335.tif,335,12320,2144
I1GS459700336.tif,336,12320,2144
I1GS459700337.tif,337,12320,2144
I1GS459700338.tif,338,12320,2144
I1GS459700339.tif,339,12320,2144
I1GS459700340.tif,340,12320,2144
I1GS459700341.tif,341,12320,2144
I1GS459700342.tif,342,12320,2144
I1GS459700343.tif,343,12320,2144
I1GS459700344.tif,344,12320,2144
I1GS459700345.tif,345,12320,2144
I1GS459700346.tif,346,12320,2144
I1GS459700347.tif,347,12320,2144
I1GS459700348.tif,348,12320,2144
I1GS459700349.tif,349,12320,2144
I1GS459700350.tif,350,12320,2144
I1GS459700351.tif,351,12320,2144
I1GS459700352.tif,352,12320,2144
I1GS459700353.tif,353,12320,2144
I1GS459700354.tif,354,12320,2144
I1GS459700355.tif,355,12320,2144
I1GS459700356.tif,356,12320,2144
I1GS459700357.tif,357,12320,2144
I1GS459700358.tif,358,12320,2144
I1GS459700359.tif,359,12320,2144
I1GS459700360.tif,360,12320,2144
I1GS459700361.tif,361,12320,2144
I1GS459700362.tif,362,12320,2144
I1GS459700363.tif,363,12320,2144
I1GS459700364.tif,364,12320,2144
I1GS459700365.tif,365,12320,2144
I1GS459700366.tif,366,12320,2144
I1GS459700367.tif,367,12320,2144
I1GS459700368.tif,368,12320,2144
I1GS459700369.tif,369,12320,2144
I1GS459700370.tif,370,12320,2144
I1GS459700371.tif,371,12320,2144
I1GS459700372.tif,372,12320,2144
I1GS459700373.tif,373,12320,2144
I1GS459700374.tif,374,12320,2144
I1GS459700375.tif,375,12320,2144
I1GS459700376.tif,376,12320,2144
I1GS459700377.tif,377,12320,2144
I1GS459700378.tif,378,12320,2144
I1GS459700379.tif,379,12320,2144
I1GS459700380.tif,380,12320,2144
I1GS459700381.tif,381,12320,2144
I1GS459700382.tif,382,12320,2144
I1GS459700383.tif,383,12320,2144
I1GS459700384.tif,384,12320,2144
I1GS459700385.tif,385,12320,2144
I1GS459700386.tif,386,12320,2144
I1GS459700387.tif,387,12320,2144
I1GS459700388.tif,388,12320,2144
I1GS459700389.tif,389,12320,2144
I1GS459700390.tif,390,12320,2144
I1GS459700391.tif,391,12320,2144
I1GS459700392.tif,392,12320,2144
I1GS459700393.tif,393,12320,2144
I1GS459700394.tif,394,12320,2144
I1GS459700395.tif,395,12320,2144
I1GS459700396.tif,396,12320,2144
I1GS459700397.tif,397,12320,2144
I1GS459700398.tif,398,12320,2144
I1GS459700399.tif,399,12320,2144
I1GS459700400.tif,400,12320,2144
I1GS459700401.tif,401,12320,2144
I1GS459700402.tif,402,12320,2144
I1GS459700403.tif,403,12320,2144
I1GS459700404.tif,404,12320,2144
