I8LS319570001.tif,1,2550,3300
I8LS319570002.tif,2,2550,3300
I8LS319570003.jpg,3,3793,616
I8LS319570004.jpg,4,3616,606
I8LS319570005.jpg,5,3617,605
I8LS319570006.jpg,6,3609,599
I8LS319570007.jpg,7,3603,603
I8LS319570008.jpg,8,3609,611
I8LS319570009.jpg,9,3573,603
I8LS319570010.jpg,10,3574,605
I8LS319570011.jpg,11,3621,607
I8LS319570012.jpg,12,3607,611
I8LS319570013.jpg,13,3609,609
I8LS319570014.jpg,14,3622,610
I8LS319570015.jpg,15,3624,607
I8LS319570016.jpg,16,3615,608
I8LS319570017.jpg,17,3640,610
I8LS319570018.jpg,18,3615,607
I8LS319570019.jpg,19,3629,608
I8LS319570020.jpg,20,3615,613
I8LS319570021.jpg,21,3609,613
I8LS319570022.jpg,22,3621,613
I8LS319570023.jpg,23,3618,607
I8LS319570024.jpg,24,3614,608
I8LS319570025.jpg,25,3605,608
I8LS319570026.jpg,26,3608,612
I8LS319570027.jpg,27,3625,606
I8LS319570028.jpg,28,3615,611
I8LS319570029.jpg,29,3609,604
I8LS319570030.jpg,30,3600,614
I8LS319570031.jpg,31,3613,607
I8LS319570032.jpg,32,3602,608
I8LS319570033.jpg,33,3601,608
I8LS319570034.jpg,34,3603,623
I8LS319570035.jpg,35,3618,604
I8LS319570036.jpg,36,3611,613
I8LS319570037.jpg,37,3605,607
I8LS319570038.jpg,38,3611,618
I8LS319570039.jpg,39,3599,610
I8LS319570040.jpg,40,3598,617
I8LS319570041.jpg,41,3597,603
I8LS319570042.jpg,42,3619,616
I8LS319570043.jpg,43,3608,603
I8LS319570044.jpg,44,3620,609
I8LS319570045.jpg,45,3629,610
I8LS319570046.jpg,46,3620,606
I8LS319570047.jpg,47,3629,610
I8LS319570048.jpg,48,3632,610
I8LS319570049.jpg,49,3625,603
I8LS319570050.jpg,50,3641,619
I8LS319570051.jpg,51,3622,604
I8LS319570052.jpg,52,3638,607
I8LS319570053.jpg,53,3610,612
I8LS319570054.jpg,54,3645,620
I8LS319570055.jpg,55,3609,606
I8LS319570056.jpg,56,3619,612
I8LS319570057.jpg,57,3604,609
I8LS319570058.jpg,58,3623,608
I8LS319570059.jpg,59,3584,613
I8LS319570060.jpg,60,3579,607
I8LS319570061.jpg,61,3595,604
I8LS319570062.jpg,62,3608,606
I8LS319570063.jpg,63,3456,572
I8LS319570064.jpg,64,3456,572
I8LS319570065.jpg,65,3456,572
I8LS319570066.jpg,66,3456,572
I8LS319570067.jpg,67,3456,572
I8LS319570068.jpg,68,3456,572
I8LS319570069.jpg,69,3456,572
I8LS319570070.jpg,70,3456,572
I8LS319570071.jpg,71,3456,572
I8LS319570072.jpg,72,3456,572
I8LS319570073.jpg,73,3456,572
I8LS319570074.jpg,74,3456,572
I8LS319570075.jpg,75,3456,572
I8LS319570076.jpg,76,3456,572
I8LS319570077.jpg,77,3456,572
I8LS319570078.jpg,78,3456,572
I8LS319570079.jpg,79,3456,572
I8LS319570080.jpg,80,3456,572
I8LS319570081.jpg,81,3456,572
I8LS319570082.jpg,82,3456,572
I8LS319570083.jpg,83,3456,572
I8LS319570084.jpg,84,3456,572
I8LS319570085.jpg,85,3456,572
I8LS319570086.jpg,86,3456,572
I8LS319570087.jpg,87,3456,572
I8LS319570088.jpg,88,3456,572
I8LS319570089.jpg,89,3456,572
I8LS319570090.jpg,90,3456,572
I8LS319570091.jpg,91,3456,572
I8LS319570092.jpg,92,3456,572
I8LS319570093.jpg,93,3475,572
I8LS319570094.jpg,94,3456,572
I8LS319570095.jpg,95,3456,572
I8LS319570096.jpg,96,3456,572
I8LS319570097.jpg,97,3456,572
I8LS319570098.jpg,98,3456,572
I8LS319570099.jpg,99,3494,572
I8LS319570100.jpg,100,3427,572
I8LS319570101.jpg,101,3456,572
I8LS319570102.jpg,102,3665,572
I8LS319570103.jpg,103,3789,572
I8LS319570104.jpg,104,3665,572
I8LS319570105.jpg,105,3665,572
I8LS319570106.jpg,106,3665,572
I8LS319570107.jpg,107,3689,570
I8LS319570108.jpg,108,3680,573
I8LS319570109.jpg,109,3691,568
I8LS319570110.jpg,110,3681,570
I8LS319570111.jpg,111,3679,567
I8LS319570112.jpg,112,3674,568
I8LS319570113.jpg,113,3679,569
I8LS319570114.jpg,114,3683,570
I8LS319570115.jpg,115,3688,569
I8LS319570116.jpg,116,3677,569
I8LS319570117.jpg,117,3688,570
I8LS319570118.jpg,118,3686,569
I8LS319570119.jpg,119,3694,568
I8LS319570120.jpg,120,3689,569
I8LS319570121.jpg,121,3699,570
I8LS319570122.jpg,122,3680,566
I8LS319570123.jpg,123,3694,568
I8LS319570124.jpg,124,3693,571
I8LS319570125.jpg,125,3692,566
I8LS319570126.jpg,126,3686,571
I8LS319570127.jpg,127,3691,569
I8LS319570128.jpg,128,3681,570
I8LS319570129.jpg,129,3686,570
I8LS319570130.jpg,130,3684,570
I8LS319570131.jpg,131,3686,569
I8LS319570132.jpg,132,3690,573
I8LS319570133.jpg,133,3671,569
I8LS319570134.jpg,134,3692,575
I8LS319570135.jpg,135,3665,572
I8LS319570136.jpg,136,3669,567
I8LS319570137.jpg,137,3678,571
I8LS319570138.jpg,138,3686,569
I8LS319570139.jpg,139,3665,572
I8LS319570140.jpg,140,3678,575
I8LS319570141.jpg,141,3688,569
I8LS319570142.jpg,142,3678,569
I8LS319570143.jpg,143,3688,570
I8LS319570144.jpg,144,3685,569
I8LS319570145.jpg,145,3678,568
I8LS319570146.jpg,146,3671,568
I8LS319570147.jpg,147,3678,571
I8LS319570148.jpg,148,3683,569
I8LS319570149.jpg,149,3664,567
I8LS319570150.jpg,150,3664,567
I8LS319570151.jpg,151,3682,571
I8LS319570152.jpg,152,3687,577
I8LS319570153.jpg,153,3679,570
I8LS319570154.jpg,154,3678,566
I8LS319570155.jpg,155,3684,571
I8LS319570156.jpg,156,3684,570
I8LS319570157.jpg,157,3686,570
I8LS319570158.jpg,158,3677,575
I8LS319570159.jpg,159,3687,568
I8LS319570160.jpg,160,3682,576
I8LS319570161.jpg,161,3686,570
I8LS319570162.jpg,162,3690,575
I8LS319570163.jpg,163,3682,571
I8LS319570164.jpg,164,3681,570
I8LS319570165.jpg,165,3683,570
I8LS319570166.jpg,166,3678,570
I8LS319570167.jpg,167,3675,567
I8LS319570168.jpg,168,3665,570
I8LS319570169.jpg,169,3680,569
I8LS319570170.jpg,170,3683,575
I8LS319570171.jpg,171,3672,570
I8LS319570172.jpg,172,3670,571
I8LS319570173.jpg,173,3665,572
I8LS319570174.jpg,174,3684,572
I8LS319570175.jpg,175,3663,569
I8LS319570176.jpg,176,3655,574
I8LS319570177.jpg,177,3675,568
I8LS319570178.jpg,178,3655,574
I8LS319570179.jpg,179,3675,568
I8LS319570180.jpg,180,3665,572
I8LS319570181.jpg,181,3682,572
I8LS319570182.jpg,182,3690,575
I8LS319570183.jpg,183,3679,568
I8LS319570184.jpg,184,3679,570
I8LS319570185.jpg,185,3680,567
I8LS319570186.jpg,186,3682,567
I8LS319570187.jpg,187,3680,571
I8LS319570188.jpg,188,3688,572
I8LS319570189.jpg,189,3683,569
I8LS319570190.jpg,190,3686,573
I8LS319570191.jpg,191,3674,566
I8LS319570192.jpg,192,3668,566
I8LS319570193.jpg,193,3665,572
I8LS319570194.jpg,194,3666,569
I8LS319570195.jpg,195,3673,570
I8LS319570196.jpg,196,3679,567
I8LS319570197.jpg,197,3679,570
I8LS319570198.jpg,198,3683,569
I8LS319570199.jpg,199,3675,570
I8LS319570200.jpg,200,3691,578
I8LS319570201.jpg,201,3666,572
I8LS319570202.jpg,202,3665,572
I8LS319570203.jpg,203,3682,575
I8LS319570204.jpg,204,3682,571
I8LS319570205.jpg,205,3680,570
I8LS319570206.jpg,206,3680,575
I8LS319570207.jpg,207,3665,572
I8LS319570208.jpg,208,3672,574
I8LS319570209.jpg,209,3665,572
I8LS319570210.jpg,210,3684,631
I8LS319570211.jpg,211,3684,569
I8LS319570212.jpg,212,3676,566
I8LS319570213.jpg,213,3685,574
I8LS319570214.jpg,214,3677,569
I8LS319570215.jpg,215,3646,631
I8LS319570216.jpg,216,3693,631
I8LS319570217.jpg,217,3723,631
I8LS319570218.jpg,218,3685,572
I8LS319570219.jpg,219,3703,631
I8LS319570220.jpg,220,3684,631
I8LS319570221.jpg,221,3680,569
I8LS319570222.jpg,222,3674,571
I8LS319570223.jpg,223,3675,584
I8LS319570224.jpg,224,3655,571
I8LS319570225.jpg,225,3703,555
I8LS319570226.jpg,226,3750,596
I8LS319570227.jpg,227,3780,631
I8LS319570228.jpg,228,3849,629
I8LS319570229.jpg,229,3741,649
I8LS319570230.jpg,230,3770,663
I8LS319570231.jpg,231,3736,649
I8LS319570232.jpg,232,3751,683
I8LS319570233.jpg,233,3729,654
I8LS319570234.jpg,234,3587,646
I8LS319570235.jpg,235,3591,646
I8LS319570236.jpg,236,3590,647
I8LS319570237.jpg,237,3580,646
I8LS319570238.jpg,238,3594,646
I8LS319570239.jpg,239,3591,650
I8LS319570240.jpg,240,3588,651
I8LS319570241.jpg,241,3581,647
I8LS319570242.jpg,242,3586,657
I8LS319570243.jpg,243,3575,641
I8LS319570244.jpg,244,3591,646
I8LS319570245.jpg,245,3587,651
I8LS319570246.jpg,246,3590,654
I8LS319570247.jpg,247,3575,646
I8LS319570248.jpg,248,3584,655
I8LS319570249.jpg,249,3572,650
I8LS319570250.jpg,250,3584,654
I8LS319570251.jpg,251,3579,648
I8LS319570252.jpg,252,3595,657
I8LS319570253.jpg,253,3573,648
I8LS319570254.jpg,254,3586,654
I8LS319570255.jpg,255,3585,647
I8LS319570256.jpg,256,3583,644
I8LS319570257.jpg,257,3581,649
I8LS319570258.jpg,258,3593,654
I8LS319570259.jpg,259,3573,650
I8LS319570260.jpg,260,3590,654
I8LS319570261.jpg,261,3575,653
I8LS319570262.jpg,262,3585,654
I8LS319570263.jpg,263,3576,640
I8LS319570264.jpg,264,3587,641
I8LS319570265.jpg,265,3581,649
I8LS319570266.jpg,266,3589,653
I8LS319570267.jpg,267,3573,645
I8LS319570268.jpg,268,3579,653
I8LS319570269.jpg,269,3579,641
I8LS319570270.jpg,270,3591,644
I8LS319570271.jpg,271,3573,650
I8LS319570272.jpg,272,3591,654
I8LS319570273.jpg,273,3579,647
I8LS319570274.jpg,274,3584,653
I8LS319570275.jpg,275,3579,648
I8LS319570276.jpg,276,3592,652
I8LS319570277.jpg,277,3567,650
I8LS319570278.jpg,278,3580,650
I8LS319570279.jpg,279,3578,654
I8LS319570280.jpg,280,3587,656
I8LS319570281.jpg,281,3569,649
I8LS319570282.jpg,282,3594,655
I8LS319570283.jpg,283,3560,653
I8LS319570284.jpg,284,3562,651
I8LS319570285.jpg,285,3579,648
I8LS319570286.jpg,286,3593,656
I8LS319570287.jpg,287,3551,631
I8LS319570288.jpg,288,3551,631
I8LS319570289.jpg,289,3388,631
I8LS319570290.jpg,290,3551,631
I8LS319570291.jpg,291,3754,656
I8LS319570292.jpg,292,3692,654
I8LS319570293.jpg,293,3667,659
I8LS319570294.jpg,294,3659,662
I8LS319570295.jpg,295,3696,664
I8LS319570296.jpg,296,3694,666
I8LS319570297.jpg,297,3714,669
I8LS319570298.jpg,298,3702,668
I8LS319570299.jpg,299,3707,673
I8LS319570300.jpg,300,3708,672
I8LS319570301.jpg,301,3699,671
I8LS319570302.jpg,302,3713,672
I8LS319570303.jpg,303,3711,670
I8LS319570304.jpg,304,3710,677
I8LS319570305.jpg,305,3718,669
I8LS319570306.jpg,306,3709,671
I8LS319570307.jpg,307,3704,673
I8LS319570308.jpg,308,3700,669
I8LS319570309.jpg,309,3702,676
I8LS319570310.jpg,310,3707,678
I8LS319570311.jpg,311,3706,673
I8LS319570312.jpg,312,3689,674
I8LS319570313.jpg,313,3712,678
I8LS319570314.jpg,314,3703,671
I8LS319570315.jpg,315,3697,675
I8LS319570316.jpg,316,3696,673
I8LS319570317.jpg,317,3707,675
I8LS319570318.jpg,318,3696,675
I8LS319570319.jpg,319,3724,669
I8LS319570320.jpg,320,3714,677
I8LS319570321.jpg,321,3723,673
I8LS319570322.jpg,322,3705,671
I8LS319570323.jpg,323,3708,674
I8LS319570324.jpg,324,3705,673
I8LS319570325.jpg,325,3702,674
I8LS319570326.jpg,326,3709,674
I8LS319570327.jpg,327,3710,672
I8LS319570328.jpg,328,3709,679
I8LS319570329.jpg,329,3704,674
I8LS319570330.jpg,330,3703,672
I8LS319570331.jpg,331,3715,680
I8LS319570332.jpg,332,3700,675
I8LS319570333.jpg,333,3714,672
I8LS319570334.jpg,334,3702,671
I8LS319570335.jpg,335,3720,671
I8LS319570336.jpg,336,3701,674
I8LS319570337.jpg,337,3696,674
I8LS319570338.jpg,338,3703,676
I8LS319570339.jpg,339,3696,674
I8LS319570340.jpg,340,3702,670
I8LS319570341.jpg,341,3724,676
I8LS319570342.jpg,342,3699,679
I8LS319570343.jpg,343,3696,674
I8LS319570344.jpg,344,3697,679
I8LS319570345.jpg,345,3713,670
I8LS319570346.jpg,346,3696,672
I8LS319570347.jpg,347,3686,671
I8LS319570348.jpg,348,3680,673
I8LS319570349.jpg,349,3702,678
I8LS319570350.jpg,350,3694,678
I8LS319570351.jpg,351,3701,672
I8LS319570352.jpg,352,3699,681
I8LS319570353.jpg,353,3698,672
I8LS319570354.jpg,354,3696,678
I8LS319570355.jpg,355,3698,670
I8LS319570356.jpg,356,3692,675
I8LS319570357.jpg,357,3700,675
I8LS319570358.jpg,358,3710,672
I8LS319570359.jpg,359,3703,676
I8LS319570360.jpg,360,3698,684
I8LS319570361.jpg,361,3702,673
I8LS319570362.jpg,362,3698,672
I8LS319570363.jpg,363,3723,675
I8LS319570364.jpg,364,3705,671
I8LS319570365.jpg,365,3718,674
I8LS319570366.jpg,366,3687,676
I8LS319570367.jpg,367,3691,677
I8LS319570368.jpg,368,3700,673
I8LS319570369.jpg,369,3726,674
I8LS319570370.jpg,370,3710,673
I8LS319570371.jpg,371,3727,673
I8LS319570372.jpg,372,3706,681
I8LS319570373.jpg,373,3711,675
I8LS319570374.jpg,374,3696,673
I8LS319570375.jpg,375,3698,675
I8LS319570376.jpg,376,3714,679
I8LS319570377.jpg,377,3692,670
I8LS319570378.jpg,378,3695,673
I8LS319570379.jpg,379,3718,678
I8LS319570380.jpg,380,3695,678
I8LS319570381.jpg,381,3691,670
I8LS319570382.jpg,382,3694,672
I8LS319570383.jpg,383,3683,679
I8LS319570384.jpg,384,3705,674
I8LS319570385.jpg,385,3684,674
I8LS319570386.jpg,386,3700,678
I8LS319570387.jpg,387,3707,672
I8LS319570388.jpg,388,3701,674
I8LS319570389.jpg,389,3706,677
I8LS319570390.jpg,390,3697,676
I8LS319570391.jpg,391,3702,671
I8LS319570392.jpg,392,3702,677
I8LS319570393.jpg,393,3700,671
I8LS319570394.jpg,394,3702,679
I8LS319570395.jpg,395,3718,673
I8LS319570396.jpg,396,3707,675
I8LS319570397.jpg,397,3719,676
I8LS319570398.jpg,398,3712,678
I8LS319570399.jpg,399,3701,676
I8LS319570400.jpg,400,3697,675
I8LS319570401.jpg,401,3709,672
I8LS319570402.jpg,402,3709,676
I8LS319570403.jpg,403,3695,675
I8LS319570404.jpg,404,3701,675
I8LS319570405.jpg,405,3694,675
I8LS319570406.jpg,406,3697,673
I8LS319570407.jpg,407,3709,670
I8LS319570408.jpg,408,3708,675
I8LS319570409.jpg,409,3702,668
I8LS319570410.jpg,410,3682,677
I8LS319570411.jpg,411,3647,672
I8LS319570412.jpg,412,3698,677
I8LS319570413.jpg,413,3710,672
I8LS319570414.jpg,414,3696,671
I8LS319570415.jpg,415,3703,677
I8LS319570416.jpg,416,3703,674
I8LS319570417.jpg,417,3715,669
I8LS319570418.jpg,418,3696,671
I8LS319570419.jpg,419,3702,672
I8LS319570420.jpg,420,3702,677
I8LS319570421.jpg,421,3704,670
I8LS319570422.jpg,422,3701,677
I8LS319570423.jpg,423,3702,669
I8LS319570424.jpg,424,3709,674
I8LS319570425.jpg,425,3718,665
I8LS319570426.jpg,426,3701,676
I8LS319570427.jpg,427,3697,670
I8LS319570428.jpg,428,3702,682
I8LS319570429.jpg,429,3700,671
I8LS319570430.jpg,430,3692,666
I8LS319570431.jpg,431,3667,668
I8LS319570432.jpg,432,3679,676
I8LS319570433.jpg,433,3697,668
I8LS319570434.jpg,434,3692,668
I8LS319570435.jpg,435,3679,670
I8LS319570436.jpg,436,3690,675
I8LS319570437.jpg,437,3713,631
I8LS319570438.jpg,438,3716,635
I8LS319570439.jpg,439,3726,633
I8LS319570440.jpg,440,3718,632
I8LS319570441.jpg,441,3727,639
I8LS319570442.jpg,442,3714,633
I8LS319570443.jpg,443,3570,638
I8LS319570444.jpg,444,3569,633
I8LS319570445.jpg,445,3559,627
I8LS319570446.jpg,446,3560,628
I8LS319570447.jpg,447,3548,626
I8LS319570448.jpg,448,3554,633
I8LS319570449.jpg,449,3552,625
I8LS319570450.jpg,450,3561,631
I8LS319570451.jpg,451,3552,628
I8LS319570452.jpg,452,3560,628
I8LS319570453.jpg,453,3548,626
I8LS319570454.jpg,454,3561,633
I8LS319570455.jpg,455,3553,626
I8LS319570456.jpg,456,3574,642
I8LS319570457.jpg,457,3549,628
I8LS319570458.jpg,458,3552,630
I8LS319570459.jpg,459,3548,628
I8LS319570460.jpg,460,3552,632
I8LS319570461.jpg,461,3551,631
I8LS319570462.jpg,462,3565,637
I8LS319570463.jpg,463,3549,627
I8LS319570464.jpg,464,3558,635
I8LS319570465.jpg,465,3557,627
I8LS319570466.jpg,466,3569,643
I8LS319570467.jpg,467,3562,629
I8LS319570468.jpg,468,3563,635
I8LS319570469.jpg,469,3557,633
I8LS319570470.jpg,470,3552,632
I8LS319570471.jpg,471,3557,630
I8LS319570472.jpg,472,3561,635
I8LS319570473.jpg,473,3560,631
I8LS319570474.jpg,474,3551,631
I8LS319570475.jpg,475,3557,631
I8LS319570476.jpg,476,3551,631
I8LS319570477.jpg,477,3549,627
I8LS319570478.jpg,478,3554,631
I8LS319570479.jpg,479,3543,628
I8LS319570480.jpg,480,3559,633
I8LS319570481.jpg,481,3553,627
I8LS319570482.jpg,482,3551,628
I8LS319570483.jpg,483,3547,629
I8LS319570484.jpg,484,3555,631
I8LS319570485.jpg,485,3547,627
I8LS319570486.jpg,486,3559,631
I8LS319570487.jpg,487,3544,629
I8LS319570488.jpg,488,3538,631
I8LS319570489.jpg,489,3540,624
I8LS319570490.jpg,490,3534,627
I8LS319570491.jpg,491,3548,623
I8LS319570492.jpg,492,3557,632
I8LS319570493.jpg,493,3898,693
I8LS319570494.jpg,494,3713,647
I8LS319570495.jpg,495,3702,644
I8LS319570496.jpg,496,3733,649
I8LS319570497.jpg,497,3731,647
I8LS319570498.jpg,498,3722,655
I8LS319570499.jpg,499,3745,654
I8LS319570500.jpg,500,3735,656
I8LS319570501.jpg,501,3747,650
I8LS319570502.jpg,502,3716,649
I8LS319570503.jpg,503,3710,657
I8LS319570504.jpg,504,3735,656
I8LS319570505.jpg,505,3736,649
I8LS319570506.jpg,506,3737,656
I8LS319570507.jpg,507,3734,649
I8LS319570508.jpg,508,3733,656
I8LS319570509.jpg,509,3737,645
I8LS319570510.jpg,510,3728,648
I8LS319570511.jpg,511,3742,644
I8LS319570512.jpg,512,3726,651
I8LS319570513.jpg,513,3697,646
I8LS319570514.jpg,514,3736,654
I8LS319570515.jpg,515,3726,655
I8LS319570516.jpg,516,3694,659
I8LS319570517.jpg,517,3716,648
I8LS319570518.jpg,518,3733,655
I8LS319570519.jpg,519,3740,644
I8LS319570520.jpg,520,3736,645
I8LS319570521.jpg,521,3902,617
I8LS319570522.jpg,522,3740,654
I8LS319570523.jpg,523,3734,642
I8LS319570524.jpg,524,3736,651
I8LS319570525.jpg,525,3740,637
I8LS319570526.jpg,526,3727,644
I8LS319570527.jpg,527,3747,652
I8LS319570528.jpg,528,3720,652
I8LS319570529.jpg,529,3744,646
I8LS319570530.jpg,530,3719,653
I8LS319570531.jpg,531,3742,652
I8LS319570532.jpg,532,3726,650
I8LS319570533.jpg,533,3764,652
I8LS319570534.jpg,534,3729,654
I8LS319570535.jpg,535,3720,650
I8LS319570536.jpg,536,3720,654
I8LS319570537.jpg,537,3730,652
I8LS319570538.jpg,538,3723,647
I8LS319570539.jpg,539,3741,649
I8LS319570540.jpg,540,3744,658
I8LS319570541.jpg,541,3736,645
I8LS319570542.jpg,542,3724,654
I8LS319570543.jpg,543,3744,652
I8LS319570544.jpg,544,3730,655
I8LS319570545.jpg,545,3737,646
I8LS319570546.jpg,546,3726,652
I8LS319570547.jpg,547,3741,642
I8LS319570548.jpg,548,3737,668
I8LS319570549.jpg,549,3738,645
I8LS319570550.jpg,550,3722,645
I8LS319570551.jpg,551,3734,645
I8LS319570552.jpg,552,3732,649
I8LS319570553.jpg,553,3736,643
I8LS319570554.jpg,554,3726,641
I8LS319570555.jpg,555,3742,641
I8LS319570556.jpg,556,3729,650
I8LS319570557.jpg,557,3736,643
I8LS319570558.jpg,558,3726,652
I8LS319570559.jpg,559,3731,631
I8LS319570560.jpg,560,3726,635
I8LS319570561.jpg,561,3737,644
I8LS319570562.jpg,562,3724,641
I8LS319570563.jpg,563,3744,645
I8LS319570564.jpg,564,3751,676
